index,question,match_time(s),matched_fields
0,请帮我计算，在20210105，中信行业分类划分的一级行业为综合金融行业中，涨跌幅最大股票的股票代码是？涨跌幅是多少？百分数保留两位小数。股票涨跌幅定义为：（收盘价 - 前一日收盘价 / 前一日收盘价）* 100%。,0.309,"A股公司行业划分表-股票代码, A股票日行情表-股票代码, A股公司行业划分表-一级行业名称, A股票日行情表-成交量(股), A股票日行情表-最高价(元), 基金份额持有人结构表-报告类型, 基金份额持有人结构表-定期报告所属年度, 基金份额持有人结构表-个人投资者持有的基金份额占总份额比例, 基金份额持有人结构表-个人投资者持有的基金份额, 基金份额持有人结构表-机构投资者持有的基金份额占总份额比例"
1,请帮我查询出20210415日，建筑材料一级行业涨幅超过5%（不包含）的股票数量。,0.05,"A股公司行业划分表-股票代码, A股公司行业划分表-一级行业名称, A股公司行业划分表-二级行业名称, A股票日行情表-股票代码, A股票日行情表-成交量(股), A股公司行业划分表-交易日期, A股票日行情表-成交金额(元), 基金份额持有人结构表-报告类型, 基金份额持有人结构表-定期报告所属年度, 基金份额持有人结构表-个人投资者持有的基金份额占总份额比例"
2,请查询在2021年度，688338股票涨停天数？   解释：（收盘价/昨日收盘价-1）》=9.8% 视作涨停,0.05,"A股票日行情表-今开盘(元), A股票日行情表-成交量(股), A股票日行情表-收盘价(元), 港股票日行情表-成交量(股), A股票日行情表-昨收盘(元), A股票日行情表-最高价(元), A股票日行情表-交易日, 港股票日行情表-今开盘(元), 基金份额持有人结构表-报告类型, 基金份额持有人结构表-定期报告所属年度"
3,20210304日，一级行业为非银金融的股票的成交量合计是多少？取整。,0.048,"A股票日行情表-成交量(股), 港股票日行情表-成交量(股), A股票日行情表-成交金额(元), 港股票日行情表-成交金额(元), A股票日行情表-交易日, A股公司行业划分表-交易日期, A股公司行业划分表-股票代码, 基金份额持有人结构表-报告类型, 基金份额持有人结构表-定期报告所属年度, 基金份额持有人结构表-个人投资者持有的基金份额占总份额比例"
4,嘉实基金管理有限公司2019年成立了多少基金?,0.038,"基金基本信息表-成立日期, 基金基本信息表-管理人, 基金份额持有人结构表-公告日期, 基金规模变动表-公告日期, 基金份额持有人结构表-定期报告所属年度, 基金规模变动表-报告期基金总申购份额, 基金规模变动表-定期报告所属年度, 基金份额持有人结构表-截止日期, 基金份额持有人结构表-报告类型, 基金份额持有人结构表-个人投资者持有的基金份额占总份额比例"
5,2021年三季度，有多少家基金发生了净赎回?总共赎回了多少份额?记得给我四舍五入到小数点后两位哦。,0.062,"基金规模变动表-报告期基金总赎回份额, 基金规模变动表-报告期期末基金总份额, 基金规模变动表-报告期基金总申购份额, 基金规模变动表-报告期期初基金总份额, 基金日行情表-资产净值, 基金份额持有人结构表-报告类型, 基金份额持有人结构表-定期报告所属年度, 基金份额持有人结构表-个人投资者持有的基金份额占总份额比例, 基金份额持有人结构表-个人投资者持有的基金份额, 基金份额持有人结构表-机构投资者持有的基金份额占总份额比例"
6,"请帮我查询下，在20190605，中信行业分类里一级行业为石油石化行业的所有股票里, 成交金额(元)最多的股票的代码是什么？成交金额是多少？",0.075,"A股公司行业划分表-股票代码, A股票日行情表-成交金额(元), 港股票日行情表-成交金额(元), A股票日行情表-成交量(股), A股公司行业划分表-交易日期, 港股票日行情表-成交量(股), A股公司行业划分表-一级行业名称, A股票日行情表-股票代码, 基金份额持有人结构表-报告类型, 基金份额持有人结构表-定期报告所属年度"
7,股票002244在20191220日期中的收盘价是多少?（小数点保留3位）,0.05,"A股票日行情表-收盘价(元), A股票日行情表-昨收盘(元), 港股票日行情表-收盘价(元), 港股票日行情表-昨收盘(元), A股票日行情表-今开盘(元), A股票日行情表-交易日, 基金股票持仓明细表-股票代码, A股票日行情表-成交金额(元), 基金份额持有人结构表-报告类型, 基金份额持有人结构表-定期报告所属年度"
8,请问2019年三季度有多少家基金是净申购?它们的净申购份额加起来是多少?请四舍五入保留小数点两位。,0.056,"基金规模变动表-报告期基金总申购份额, 基金规模变动表-报告期基金总赎回份额, 基金规模变动表-报告期期末基金总份额, 基金规模变动表-报告期期初基金总份额, 基金股票持仓明细表-数量, 基金份额持有人结构表-报告类型, 基金份额持有人结构表-定期报告所属年度, 基金份额持有人结构表-个人投资者持有的基金份额占总份额比例, 基金份额持有人结构表-个人投资者持有的基金份额, 基金份额持有人结构表-机构投资者持有的基金份额占总份额比例"
9,帮我查一下湘财长弘灵活配置混合A基金在20210419的资产净值和单位净值是多少?,0.045,"基金日行情表-资产净值, 基金日行情表-单位净值, 基金可转债持仓明细表-市值占基金资产净值比, 基金可转债持仓明细表-市值, 基金日行情表-复权单位净值, 基金股票持仓明细表-市值占基金资产净值比, 基金债券持仓明细表-持债市值, 基金份额持有人结构表-报告类型, 基金份额持有人结构表-定期报告所属年度, 基金份额持有人结构表-个人投资者持有的基金份额占总份额比例"
10,我想知道安信稳健回报6个月持有期混合A基金在20211231的年报(含半年报)中，其可转债持仓占比最大的是哪个行业？用中信一级行业来统计。,0.078,"基金可转债持仓明细表-第N大重仓股, 基金可转债持仓明细表-基金简称, 基金可转债持仓明细表-市值, 基金可转债持仓明细表-市值占基金资产净值比, 基金可转债持仓明细表-数量, 基金债券持仓明细表-第N大重仓股, 基金可转债持仓明细表-所在证券市场, 基金份额持有人结构表-报告类型, 基金份额持有人结构表-定期报告所属年度, 基金份额持有人结构表-个人投资者持有的基金份额占总份额比例"
11,2019年中期报告里，华夏基金管理有限公司管理的基金中，机构投资者持有份额比个人投资者多的基金有多少只?,0.067,"基金份额持有人结构表-机构投资者持有的基金份额占总份额比例, 基金份额持有人结构表-机构投资者持有的基金份额, 基金份额持有人结构表-个人投资者持有的基金份额占总份额比例, 基金份额持有人结构表-个人投资者持有的基金份额, 基金份额持有人结构表-公告日期, 基金规模变动表-报告期期末基金总份额, 基金份额持有人结构表-截止日期, 基金份额持有人结构表-报告类型, 基金份额持有人结构表-定期报告所属年度, 基金份额持有人结构表-基金简称"
12,"假设股票日收益率计算公式为：日收益率 = （当日收盘价-昨收盘价）/昨收盘价。请帮我找到在2021年，申万行业分类行业划分标准,银行一级行业中, 代码为多少的股票的日均收益率最高？",0.093,"A股公司行业划分表-股票代码, A股票日行情表-股票代码, A股票日行情表-收盘价(元), A股票日行情表-昨收盘(元), A股公司行业划分表-行业划分标准, 基金份额持有人结构表-报告类型, 基金份额持有人结构表-定期报告所属年度, 基金份额持有人结构表-个人投资者持有的基金份额占总份额比例, 基金份额持有人结构表-个人投资者持有的基金份额, 基金份额持有人结构表-机构投资者持有的基金份额占总份额比例"
13,在20201022，按照中信行业分类的行业划分标准，哪个一级行业的A股公司数量最多？,0.057,"A股公司行业划分表-行业划分标准, A股公司行业划分表-一级行业名称, A股公司行业划分表-二级行业名称, A股公司行业划分表-股票代码, A股公司行业划分表-交易日期, A股票日行情表-成交量(股), 基金债券持仓明细表-第N大重仓股, 港股票日行情表-成交量(股), 基金份额持有人结构表-报告类型, 基金份额持有人结构表-定期报告所属年度"
14,我想知道招商安润灵活配置混合A基金，在2021年半年度报告中，前10大重仓股中，有多少只股票在报告期内取得正收益。,0.069,"基金股票持仓明细表-第N大重仓股, 基金可转债持仓明细表-第N大重仓股, 基金债券持仓明细表-第N大重仓股, 基金股票持仓明细表-报告类型, 基金股票持仓明细表-股票名称, 基金份额持有人结构表-报告类型, 基金份额持有人结构表-定期报告所属年度, 基金份额持有人结构表-个人投资者持有的基金份额占总份额比例, 基金份额持有人结构表-个人投资者持有的基金份额, 基金份额持有人结构表-机构投资者持有的基金份额占总份额比例"
15,帮我查询在2020年12月31日，代码为007678的基金前20大重仓股票中属于中信二级照明电工及其他行业的平均市值是多少？小数点后保留不超过3位。,0.082,"基金债券持仓明细表-第N大重仓股, 基金可转债持仓明细表-第N大重仓股, 基金股票持仓明细表-第N大重仓股, 基金股票持仓明细表-股票代码, 基金股票持仓明细表-市值, 基金份额持有人结构表-报告类型, 基金份额持有人结构表-定期报告所属年度, 基金份额持有人结构表-个人投资者持有的基金份额占总份额比例, 基金份额持有人结构表-个人投资者持有的基金份额, 基金份额持有人结构表-机构投资者持有的基金份额占总份额比例"
16,请帮我查询出20190121日，非银行金融一级行业涨幅超过5%（不包含）的股票数量。,0.05,"A股公司行业划分表-股票代码, A股公司行业划分表-交易日期, A股票日行情表-成交量(股), 港股票日行情表-交易日, A股票日行情表-交易日, A股公司行业划分表-一级行业名称, 基金份额持有人结构表-报告类型, 基金份额持有人结构表-定期报告所属年度, 基金份额持有人结构表-个人投资者持有的基金份额占总份额比例, 基金份额持有人结构表-个人投资者持有的基金份额"
17,请查询：在20190118，属于申万二级银行行业的A股股票，它们的平均成交金额是多少？小数点后保留不超过5位。,0.069,"A股票日行情表-成交金额(元), A股票日行情表-成交量(股), 港股票日行情表-成交金额(元), 港股票日行情表-成交量(股), A股公司行业划分表-交易日期, 基金规模变动表-报告期基金总申购份额, 基金份额持有人结构表-报告类型, 基金份额持有人结构表-定期报告所属年度, 基金份额持有人结构表-个人投资者持有的基金份额占总份额比例, 基金份额持有人结构表-个人投资者持有的基金份额"
18,请查询：在2021的年度报告中，个人投资者持有基金份额大于机构投资者持有基金份额的基金属于货币型类型的有几个。,0.067,"基金份额持有人结构表-个人投资者持有的基金份额, 基金份额持有人结构表-个人投资者持有的基金份额占总份额比例, 基金份额持有人结构表-机构投资者持有的基金份额, 基金份额持有人结构表-机构投资者持有的基金份额占总份额比例, 基金股票持仓明细表-报告类型, 基金基本信息表-基金类型, 基金份额持有人结构表-报告类型, 基金份额持有人结构表-定期报告所属年度, 基金债券持仓明细表-报告类型, 基金份额持有人结构表-截止日期"
19,请查询在20190115日期，中信行业分类下轻工制造一级行业中，当日收盘价波动最大（即最高价与最低价之差最大）的股票代码是什么？,0.075,"A股公司行业划分表-股票代码, A股票日行情表-股票代码, A股票日行情表-最高价(元), A股票日行情表-成交量(股), A股票日行情表-最低价(元), A股公司行业划分表-交易日期, 港股票日行情表-最高价(元), 基金份额持有人结构表-报告类型, 基金份额持有人结构表-定期报告所属年度, 基金份额持有人结构表-个人投资者持有的基金份额占总份额比例"
20,在2019年的中期报告里，金鹰基金管理有限公司管理的基金中，有多少比例的基金是个人投资者持有的份额超过机构投资者？希望得到一个精确到两位小数的百分比。,0.09,"基金份额持有人结构表-个人投资者持有的基金份额占总份额比例, 基金份额持有人结构表-机构投资者持有的基金份额占总份额比例, 基金份额持有人结构表-个人投资者持有的基金份额, 基金份额持有人结构表-机构投资者持有的基金份额, 基金规模变动表-报告期期末基金总份额, 基金基本信息表-管理人, 基金份额持有人结构表-报告类型, 基金份额持有人结构表-定期报告所属年度, 基金份额持有人结构表-截止日期, 基金份额持有人结构表-公告日期"
21,在2019年12月季报中，持有大亚圣象这一股票且市值占基金资产净值比不小于5%的有几只基金？,0.054,"基金股票持仓明细表-市值占基金资产净值比, 基金股票持仓明细表-第N大重仓股, 基金股票持仓明细表-报告类型, 基金债券持仓明细表-第N大重仓股, 基金可转债持仓明细表-第N大重仓股, 基金份额持有人结构表-报告类型, 基金份额持有人结构表-定期报告所属年度, 基金份额持有人结构表-个人投资者持有的基金份额占总份额比例, 基金份额持有人结构表-个人投资者持有的基金份额, 基金份额持有人结构表-机构投资者持有的基金份额占总份额比例"
22,我想知道在2019年，金信基金管理有限公司已发行的基金中，有多少只基金报告期期初基金总份额小于报告期期末基金总份额(使用每只基金当年最晚的定期报告数据计算)？,0.09,"基金规模变动表-报告期期末基金总份额, 基金规模变动表-报告期期初基金总份额, 基金规模变动表-报告期基金总赎回份额, 基金规模变动表-报告期基金总申购份额, 基金份额持有人结构表-公告日期, 基金份额持有人结构表-报告类型, 基金份额持有人结构表-定期报告所属年度, 基金份额持有人结构表-个人投资者持有的基金份额占总份额比例, 基金份额持有人结构表-个人投资者持有的基金份额, 基金份额持有人结构表-机构投资者持有的基金份额占总份额比例"
23,请查询在2019年度，603789股票涨停天数？   解释：（收盘价/昨日收盘价-1）》=9.8% 视作涨停,0.061,"A股票日行情表-股票代码, A股票日行情表-成交量(股), A股票日行情表-今开盘(元), A股票日行情表-交易日, 港股票日行情表-交易日, A股票日行情表-昨收盘(元), 港股票日行情表-成交量(股), A股票日行情表-收盘价(元), 基金股票持仓明细表-股票代码, 基金份额持有人结构表-报告类型"
24,请查询在2020年度，600076股票涨停天数？   解释：（收盘价/昨日收盘价-1）》=9.8% 视作涨停,0.061,"A股票日行情表-成交量(股), A股票日行情表-今开盘(元), 港股票日行情表-成交量(股), A股票日行情表-收盘价(元), A股票日行情表-交易日, A股票日行情表-最高价(元), A股票日行情表-昨收盘(元), A股票日行情表-股票代码, 基金份额持有人结构表-报告类型, 基金份额持有人结构表-定期报告所属年度"
25,"我想了解一下红土创新基金管理有限公司2020年成立的混合型基金,其管理费率的平均值是多少?请四舍五入保留小数点两位。",0.068,"基金基本信息表-管理费率, 基金基本信息表-管理人, 基金基本信息表-托管费率, 基金基本信息表-基金简称, 基金基本信息表-成立日期, 基金股票持仓明细表-基金简称, 基金基本信息表-托管人, 基金份额持有人结构表-报告类型, 基金份额持有人结构表-定期报告所属年度, 基金份额持有人结构表-个人投资者持有的基金份额占总份额比例"
26,"我想了解博时研究优选灵活配置混合(LOF)A基金,在2021年四季度的季报第3大重股。该持仓股票当个季度的涨跌幅?请四舍五入保留百分比到小数点两位。",0.087,"基金可转债持仓明细表-第N大重仓股, 基金债券持仓明细表-第N大重仓股, 基金股票持仓明细表-第N大重仓股, 基金股票持仓明细表-基金简称, 基金股票持仓明细表-股票名称, 基金份额持有人结构表-报告类型, 基金份额持有人结构表-定期报告所属年度, 基金份额持有人结构表-个人投资者持有的基金份额占总份额比例, 基金份额持有人结构表-个人投资者持有的基金份额, 基金份额持有人结构表-机构投资者持有的基金份额占总份额比例"
27,我想知道富兰克林国海大中华精选混合(QDII)(美元现汇)在2021年Q2的季报中，该基金的第1大重仓股的代码是什么?,0.072,"基金股票持仓明细表-第N大重仓股, 基金债券持仓明细表-第N大重仓股, 基金可转债持仓明细表-第N大重仓股, 基金股票持仓明细表-股票代码, 基金股票持仓明细表-基金代码, 基金可转债持仓明细表-基金代码, 基金股票持仓明细表-基金简称, 基金债券持仓明细表-基金代码, 基金份额持有人结构表-报告类型, 基金份额持有人结构表-定期报告所属年度"
28,20191231日，宋城演艺在多少只基金的前七大重仓股中？,0.047,"基金债券持仓明细表-第N大重仓股, 基金股票持仓明细表-第N大重仓股, 基金可转债持仓明细表-第N大重仓股, 基金份额持有人结构表-公告日期, 基金股票持仓明细表-数量, 基金份额持有人结构表-报告类型, 基金份额持有人结构表-定期报告所属年度, 基金份额持有人结构表-个人投资者持有的基金份额占总份额比例, 基金份额持有人结构表-个人投资者持有的基金份额, 基金份额持有人结构表-机构投资者持有的基金份额占总份额比例"
29,在20190211，按照中信行业分类的行业划分标准，哪个一级行业的A股公司数量最多？,0.054,"A股公司行业划分表-行业划分标准, A股公司行业划分表-一级行业名称, A股公司行业划分表-二级行业名称, A股公司行业划分表-股票代码, A股公司行业划分表-交易日期, A股票日行情表-成交量(股), 港股票日行情表-成交量(股), 基金债券持仓明细表-第N大重仓股, 基金份额持有人结构表-报告类型, 基金份额持有人结构表-定期报告所属年度"
30,帮我查一下在2019年，代码为603199的A股股票今开盘高于昨收盘的天数？,0.049,"A股票日行情表-股票代码, A股票日行情表-交易日, A股票日行情表-今开盘(元), 港股票日行情表-交易日, 港股票日行情表-今开盘(元), A股票日行情表-昨收盘(元), A股票日行情表-成交量(股), A股公司行业划分表-交易日期, 基金份额持有人结构表-报告类型, 基金份额持有人结构表-定期报告所属年度"
31,帮我查一下鹏扬景科混合A基金在20201126的资产净值和单位净值是多少?,0.042,"基金日行情表-资产净值, 基金日行情表-单位净值, 基金债券持仓明细表-基金简称, 基金日行情表-累计单位净值, 基金日行情表-复权单位净值, 基金可转债持仓明细表-市值占基金资产净值比, 基金份额持有人结构表-报告类型, 基金份额持有人结构表-定期报告所属年度, 基金份额持有人结构表-个人投资者持有的基金份额占总份额比例, 基金份额持有人结构表-个人投资者持有的基金份额"
32,请问股票代码为301005的股票在2021年内日成交量低于该股票当年平均日成交量的有多少个交易日？,0.052,"A股票日行情表-成交量(股), 港股票日行情表-成交量(股), 港股票日行情表-交易日, A股票日行情表-交易日, A股票日行情表-股票代码, 基金股票持仓明细表-股票代码, 基金日行情表-交易日期, 基金份额持有人结构表-报告类型, 基金份额持有人结构表-定期报告所属年度, 基金份额持有人结构表-个人投资者持有的基金份额占总份额比例"
33,我想知道股票000637在申万行业分类下的二级行业是什么？用最新的数据。,0.05,"A股公司行业划分表-二级行业名称, A股公司行业划分表-股票代码, A股公司行业划分表-行业划分标准, A股公司行业划分表-一级行业名称, A股票日行情表-股票代码, A股票日行情表-成交量(股), 基金股票持仓明细表-报告类型, 基金份额持有人结构表-报告类型, 基金份额持有人结构表-定期报告所属年度, 基金份额持有人结构表-个人投资者持有的基金份额占总份额比例"
34,请查询：在2020的年度报告中，个人投资者持有基金份额大于机构投资者持有基金份额的基金属于混合型类型的有几个。,0.066,"基金份额持有人结构表-个人投资者持有的基金份额, 基金份额持有人结构表-个人投资者持有的基金份额占总份额比例, 基金份额持有人结构表-机构投资者持有的基金份额占总份额比例, 基金份额持有人结构表-机构投资者持有的基金份额, 基金基本信息表-基金类型, 基金份额持有人结构表-基金简称, 基金份额持有人结构表-报告类型, 基金份额持有人结构表-定期报告所属年度, 基金份额持有人结构表-截止日期, 基金份额持有人结构表-公告日期"
35,帮我查一下在2020年，代码为002868的A股股票今开盘高于昨收盘的天数？,0.047,"A股票日行情表-今开盘(元), A股票日行情表-股票代码, A股票日行情表-昨收盘(元), A股票日行情表-交易日, 港股票日行情表-今开盘(元), A股票日行情表-收盘价(元), A股票日行情表-最高价(元), 基金股票持仓明细表-股票代码, 基金份额持有人结构表-报告类型, 基金份额持有人结构表-定期报告所属年度"
36,请查询：在20191129，属于申万二级仪器仪表行业的A股股票，它们的平均成交金额是多少？小数点后保留不超过5位。,0.07,"A股票日行情表-成交量(股), A股票日行情表-成交金额(元), 港股票日行情表-成交金额(元), 港股票日行情表-成交量(股), A股公司行业划分表-交易日期, A股公司行业划分表-股票代码, 基金份额持有人结构表-报告类型, 基金份额持有人结构表-定期报告所属年度, 基金份额持有人结构表-个人投资者持有的基金份额占总份额比例, 基金份额持有人结构表-个人投资者持有的基金份额"
37,易方达基金管理有限公司2019年成立了多少基金?,0.045,"基金基本信息表-成立日期, 基金份额持有人结构表-公告日期, 基金基本信息表-管理人, 基金份额持有人结构表-定期报告所属年度, 基金份额持有人结构表-截止日期, 基金规模变动表-公告日期, 基金规模变动表-定期报告所属年度, 基金份额持有人结构表-报告类型, 基金份额持有人结构表-个人投资者持有的基金份额占总份额比例, 基金份额持有人结构表-个人投资者持有的基金份额"
38,嘉实基金管理有限公司管理的债券型产品的数量有多少?,0.045,"基金债券持仓明细表-持债数量, 基金债券持仓明细表-债券类型, 基金可转债持仓明细表-数量, 基金债券持仓明细表-第N大重仓股, 基金债券持仓明细表-债券名称, 基金债券持仓明细表-持债市值占基金资产净值比, 基金份额持有人结构表-报告类型, 基金份额持有人结构表-定期报告所属年度, 基金份额持有人结构表-个人投资者持有的基金份额占总份额比例, 基金份额持有人结构表-个人投资者持有的基金份额"
39,我想知道股票002720在申万行业分类下的二级行业是什么？用最新的数据。,0.041,"A股公司行业划分表-二级行业名称, A股公司行业划分表-股票代码, A股公司行业划分表-行业划分标准, A股公司行业划分表-一级行业名称, 基金股票持仓明细表-股票代码, 基金股票持仓明细表-数量, 基金股票持仓明细表-报告类型, 基金份额持有人结构表-报告类型, 基金份额持有人结构表-定期报告所属年度, 基金份额持有人结构表-个人投资者持有的基金份额占总份额比例"
40,请帮我查询在截止2021-03-31的基金定期报告中，基金总赎回份额为零的基金有几个？,0.055,"基金规模变动表-报告期基金总赎回份额, 基金规模变动表-报告期期末基金总份额, 基金规模变动表-报告期基金总申购份额, 基金规模变动表-报告期期初基金总份额, 基金份额持有人结构表-报告类型, 基金份额持有人结构表-定期报告所属年度, 基金份额持有人结构表-个人投资者持有的基金份额占总份额比例, 基金份额持有人结构表-个人投资者持有的基金份额, 基金份额持有人结构表-机构投资者持有的基金份额占总份额比例, 基金份额持有人结构表-机构投资者持有的基金份额"
41,我想知道股票600508在申万行业分类下的二级行业是什么？用最新的数据。,0.045,"A股公司行业划分表-二级行业名称, A股公司行业划分表-股票代码, A股公司行业划分表-行业划分标准, A股公司行业划分表-一级行业名称, 基金股票持仓明细表-股票代码, 基金可转债持仓明细表-对应股票代码, A股票日行情表-股票代码, 基金份额持有人结构表-报告类型, 基金份额持有人结构表-定期报告所属年度, 基金份额持有人结构表-个人投资者持有的基金份额占总份额比例"
42,我想知道2020年的年度报告中，机构投资者持有的份额占比超过30%的基金有多少，并且他们总共持有了多少?记得帮我保留两位小数。,0.076,"基金份额持有人结构表-机构投资者持有的基金份额占总份额比例, 基金份额持有人结构表-机构投资者持有的基金份额, 基金份额持有人结构表-个人投资者持有的基金份额占总份额比例, 基金份额持有人结构表-个人投资者持有的基金份额, 基金规模变动表-报告期期末基金总份额, 基金份额持有人结构表-定期报告所属年度, 基金股票持仓明细表-数量, 基金份额持有人结构表-报告类型, 基金份额持有人结构表-截止日期, 基金份额持有人结构表-公告日期"
43,博时基金管理有限公司管理的股票型产品的数量有多少?,0.049,"基金股票持仓明细表-数量, 基金基本信息表-基金类型, 基金基本信息表-管理人, 基金日行情表-资产净值, 基金股票持仓明细表-市值, 基金股票持仓明细表-股票代码, 基金份额持有人结构表-报告类型, 基金份额持有人结构表-定期报告所属年度, 基金份额持有人结构表-个人投资者持有的基金份额占总份额比例, 基金份额持有人结构表-个人投资者持有的基金份额"
44,20211207日，成交金额最大的前三家上市公司的股票代码是什么？按成交金额从大到小给出,0.057,"A股票日行情表-成交量(股), A股票日行情表-成交金额(元), 港股票日行情表-成交量(股), A股票日行情表-股票代码, 基金股票持仓明细表-股票代码, A股公司行业划分表-股票代码, 港股票日行情表-成交金额(元), 基金份额持有人结构表-报告类型, 基金份额持有人结构表-定期报告所属年度, 基金份额持有人结构表-个人投资者持有的基金份额占总份额比例"
45,请帮我查询下股票代码为300873的股票在2021年内最高日收盘价是多少？,0.045,"A股票日行情表-最高价(元), 港股票日行情表-最高价(元), A股票日行情表-收盘价(元), A股票日行情表-昨收盘(元), A股票日行情表-股票代码, A股票日行情表-今开盘(元), 港股票日行情表-收盘价(元), 港股票日行情表-昨收盘(元), 基金份额持有人结构表-报告类型, 基金份额持有人结构表-定期报告所属年度"
46,请帮我计算，代码为000798的股票，2020年一年持有的年化收益率有多少？百分数请保留两位小数。年化收益率定义为：（（有记录的一年的最终收盘价-有记录的一年的年初当天开盘价）/有记录的一年的当天开盘价）* 100%。,0.128,"基金股票持仓明细表-股票代码, 基金股票持仓明细表-市值, 基金规模变动表-基金代码, A股公司行业划分表-股票代码, 基金股票持仓明细表-数量, 基金份额持有人结构表-报告类型, 基金份额持有人结构表-定期报告所属年度, 基金份额持有人结构表-个人投资者持有的基金份额占总份额比例, 基金份额持有人结构表-个人投资者持有的基金份额, 基金份额持有人结构表-机构投资者持有的基金份额占总份额比例"
47,"在20210630的年报(含半年报)中，华夏中债1-3年政策性金融债指数C基金的债券持仓,其持有最大仓位的债券类型是什么?",0.07,"基金债券持仓明细表-第N大重仓股, 基金债券持仓明细表-债券类型, 基金可转债持仓明细表-第N大重仓股, 基金债券持仓明细表-持仓日期, 基金债券持仓明细表-持债市值占基金资产净值比, 基金债券持仓明细表-持债市值, 基金可转债持仓明细表-报告类型, 基金份额持有人结构表-报告类型, 基金份额持有人结构表-定期报告所属年度, 基金份额持有人结构表-个人投资者持有的基金份额占总份额比例"
48,请查询：在20190510，属于申万二级餐饮行业的A股股票，它们的平均成交金额是多少？小数点后保留不超过5位。,0.064,"A股票日行情表-成交金额(元), 港股票日行情表-成交金额(元), A股票日行情表-成交量(股), 港股票日行情表-成交量(股), A股公司行业划分表-股票代码, A股公司行业划分表-二级行业名称, A股公司行业划分表-交易日期, 基金份额持有人结构表-报告类型, 基金份额持有人结构表-定期报告所属年度, 基金份额持有人结构表-个人投资者持有的基金份额占总份额比例"
49,"请帮我查询下在2020年, 农银汇理基金管理有限公司管理的债券型基金中，持有过同业存单的基金有多少只？",0.063,"基金债券持仓明细表-持债数量, 基金可转债持仓明细表-数量, 基金债券持仓明细表-基金简称, 基金债券持仓明细表-债券类型, 基金债券持仓明细表-债券名称, 基金份额持有人结构表-报告类型, 基金份额持有人结构表-定期报告所属年度, 基金份额持有人结构表-个人投资者持有的基金份额占总份额比例, 基金份额持有人结构表-个人投资者持有的基金份额, 基金份额持有人结构表-机构投资者持有的基金份额占总份额比例"
50,在2021年12月年报(含半年报)中，惠升惠民混合A基金持有市值最多的前10只股票中，所在证券市场是中国香港证券交易所的有几个？,0.077,"基金股票持仓明细表-所在证券市场, 基金可转债持仓明细表-所在证券市场, 基金股票持仓明细表-市值, 基金债券持仓明细表-第N大重仓股, 基金份额持有人结构表-报告类型, 基金份额持有人结构表-定期报告所属年度, 基金份额持有人结构表-个人投资者持有的基金份额占总份额比例, 基金份额持有人结构表-个人投资者持有的基金份额, 基金份额持有人结构表-机构投资者持有的基金份额占总份额比例, 基金份额持有人结构表-机构投资者持有的基金份额"
51,2021年年度报告里，凯石基金管理有限公司管理的基金中，机构投资者持有份额比个人投资者多的基金有多少只?,0.066,"基金份额持有人结构表-机构投资者持有的基金份额占总份额比例, 基金份额持有人结构表-机构投资者持有的基金份额, 基金份额持有人结构表-个人投资者持有的基金份额占总份额比例, 基金份额持有人结构表-个人投资者持有的基金份额, 基金股票持仓明细表-数量, 基金基本信息表-管理人, 基金份额持有人结构表-定期报告所属年度, 基金份额持有人结构表-报告类型, 基金份额持有人结构表-截止日期, 基金份额持有人结构表-公告日期"
52,20200923日，一级行业为建筑的股票的成交量合计是多少？取整。,0.042,"A股票日行情表-成交量(股), 港股票日行情表-成交量(股), A股票日行情表-成交金额(元), 港股票日行情表-成交金额(元), A股公司行业划分表-一级行业名称, A股公司行业划分表-二级行业名称, A股公司行业划分表-交易日期, A股票日行情表-交易日, 基金份额持有人结构表-报告类型, 基金份额持有人结构表-定期报告所属年度"
53,请查询在20190115日期，中信行业分类下轻工制造一级行业中，当日收盘价波动最大（即最高价与最低价之差最大）的股票代码是什么？,0.082,"A股公司行业划分表-股票代码, A股票日行情表-股票代码, A股票日行情表-最高价(元), A股票日行情表-成交量(股), A股票日行情表-最低价(元), A股公司行业划分表-交易日期, 港股票日行情表-最高价(元), 基金份额持有人结构表-报告类型, 基金份额持有人结构表-定期报告所属年度, 基金份额持有人结构表-个人投资者持有的基金份额占总份额比例"
54,查询下基金代码008295的基金，它的管理费率是？,0.042,"基金基本信息表-管理费率, 基金基本信息表-托管费率, 基金债券持仓明细表-基金代码, 基金日行情表-资产净值, 基金基本信息表-基金代码, 基金规模变动表-基金代码, 基金基本信息表-管理人, 基金份额持有人结构表-报告类型, 基金份额持有人结构表-定期报告所属年度, 基金份额持有人结构表-个人投资者持有的基金份额占总份额比例"
55,我想知道博远增强回报债券A基金在20200930的季报中，其可转债持仓占比最大的是哪个行业？用申万一级行业来统计。,0.07,"基金可转债持仓明细表-第N大重仓股, 基金债券持仓明细表-第N大重仓股, 基金可转债持仓明细表-市值, 基金可转债持仓明细表-市值占基金资产净值比, 基金可转债持仓明细表-持仓日期, 基金可转债持仓明细表-报告类型, 基金可转债持仓明细表-数量, 基金份额持有人结构表-报告类型, 基金份额持有人结构表-定期报告所属年度, 基金份额持有人结构表-个人投资者持有的基金份额占总份额比例"
56,我想知道在2020年，华润元大基金管理有限公司已发行的基金中，有多少只基金报告期期初基金总份额小于报告期期末基金总份额(使用每只基金当年最晚的定期报告数据计算)？,0.085,"基金规模变动表-报告期期末基金总份额, 基金规模变动表-报告期期初基金总份额, 基金规模变动表-报告期基金总赎回份额, 基金规模变动表-报告期基金总申购份额, 基金份额持有人结构表-报告类型, 基金份额持有人结构表-定期报告所属年度, 基金份额持有人结构表-个人投资者持有的基金份额占总份额比例, 基金份额持有人结构表-个人投资者持有的基金份额, 基金份额持有人结构表-机构投资者持有的基金份额占总份额比例, 基金份额持有人结构表-机构投资者持有的基金份额"
57,"我想了解广发中证央企创新驱动ETF基金,在2020年一季度的季报第6大重股。该持仓股票当个季度的涨跌幅?请四舍五入保留百分比到小数点两位。",0.07,"基金可转债持仓明细表-第N大重仓股, 基金债券持仓明细表-第N大重仓股, 基金股票持仓明细表-第N大重仓股, 基金股票持仓明细表-基金简称, 基金股票持仓明细表-持仓日期, 基金份额持有人结构表-报告类型, 基金份额持有人结构表-定期报告所属年度, 基金份额持有人结构表-个人投资者持有的基金份额占总份额比例, 基金份额持有人结构表-个人投资者持有的基金份额, 基金份额持有人结构表-机构投资者持有的基金份额占总份额比例"
58,在2021年12月季报中，持有完美世界这一股票且市值占基金资产净值比不小于5%的有几只基金？,0.052,"基金股票持仓明细表-市值占基金资产净值比, 基金股票持仓明细表-市值, 基金股票持仓明细表-股票名称, 基金股票持仓明细表-数量, 基金规模变动表-报告期期末基金总份额, 基金份额持有人结构表-报告类型, 基金份额持有人结构表-定期报告所属年度, 基金份额持有人结构表-个人投资者持有的基金份额占总份额比例, 基金份额持有人结构表-个人投资者持有的基金份额, 基金份额持有人结构表-机构投资者持有的基金份额占总份额比例"
59,2020年年度报告里，兴业基金管理有限公司管理的基金中，机构投资者持有份额比个人投资者多的基金有多少只?,0.072,"基金份额持有人结构表-机构投资者持有的基金份额占总份额比例, 基金份额持有人结构表-机构投资者持有的基金份额, 基金份额持有人结构表-个人投资者持有的基金份额占总份额比例, 基金份额持有人结构表-个人投资者持有的基金份额, 基金份额持有人结构表-定期报告所属年度, 基金份额持有人结构表-公告日期, 基金规模变动表-报告期期末基金总份额, 基金份额持有人结构表-报告类型, 基金份额持有人结构表-截止日期, 基金份额持有人结构表-基金简称"
60,20200102日，一级行业为建筑的股票的成交金额合计是多少？取整。,0.045,"A股票日行情表-成交金额(元), A股票日行情表-成交量(股), 港股票日行情表-成交量(股), 港股票日行情表-成交金额(元), A股公司行业划分表-二级行业名称, A股公司行业划分表-一级行业名称, A股公司行业划分表-交易日期, A股票日行情表-交易日, 基金份额持有人结构表-报告类型, 基金份额持有人结构表-定期报告所属年度"
61,请查询：在2020的年度报告中，个人投资者持有基金份额大于机构投资者持有基金份额的基金属于其他型类型的有几个。,0.075,"基金份额持有人结构表-个人投资者持有的基金份额, 基金份额持有人结构表-个人投资者持有的基金份额占总份额比例, 基金份额持有人结构表-机构投资者持有的基金份额占总份额比例, 基金份额持有人结构表-机构投资者持有的基金份额, 基金股票持仓明细表-报告类型, 基金份额持有人结构表-报告类型, 基金基本信息表-基金类型, 基金份额持有人结构表-定期报告所属年度, 基金份额持有人结构表-截止日期, 基金份额持有人结构表-公告日期"
62,我想知道浙商汇金中高等级三个月定期开放债券C基金在20200630的年报(含半年报)中，其可转债持仓占比最大的是哪个行业？用中信一级行业来统计。,0.077,"基金可转债持仓明细表-第N大重仓股, 基金可转债持仓明细表-市值占基金资产净值比, 基金可转债持仓明细表-市值, 基金债券持仓明细表-第N大重仓股, 基金可转债持仓明细表-基金简称, 基金可转债持仓明细表-所在证券市场, 基金可转债持仓明细表-债券名称, 基金份额持有人结构表-报告类型, 基金份额持有人结构表-定期报告所属年度, 基金份额持有人结构表-个人投资者持有的基金份额占总份额比例"
63,我想知道在2021年，光大保德信基金管理有限公司已发行的基金中，有多少只基金报告期期初基金总份额小于报告期期末基金总份额(使用每只基金当年最晚的定期报告数据计算)？,0.091,"基金规模变动表-报告期期末基金总份额, 基金规模变动表-报告期期初基金总份额, 基金规模变动表-报告期基金总赎回份额, 基金规模变动表-报告期基金总申购份额, 基金份额持有人结构表-报告类型, 基金份额持有人结构表-定期报告所属年度, 基金份额持有人结构表-个人投资者持有的基金份额占总份额比例, 基金份额持有人结构表-个人投资者持有的基金份额, 基金份额持有人结构表-机构投资者持有的基金份额占总份额比例, 基金份额持有人结构表-机构投资者持有的基金份额"
64,我想知道易方达证券保险ETF联接C在2020年Q2的季报中，该基金的第1大重仓股的代码是什么?,0.055,"基金股票持仓明细表-第N大重仓股, 基金债券持仓明细表-第N大重仓股, 基金可转债持仓明细表-第N大重仓股, 基金股票持仓明细表-股票代码, 基金股票持仓明细表-基金代码, 基金股票持仓明细表-基金简称, 基金份额持有人结构表-报告类型, 基金份额持有人结构表-定期报告所属年度, 基金份额持有人结构表-个人投资者持有的基金份额占总份额比例, 基金份额持有人结构表-个人投资者持有的基金份额"
65,请查询：在2019的年度报告中，个人投资者持有基金份额大于机构投资者持有基金份额的基金属于债券型类型的有几个。,0.068,"基金份额持有人结构表-个人投资者持有的基金份额, 基金份额持有人结构表-个人投资者持有的基金份额占总份额比例, 基金债券持仓明细表-债券类型, 基金份额持有人结构表-机构投资者持有的基金份额占总份额比例, 基金基本信息表-基金类型, 基金份额持有人结构表-机构投资者持有的基金份额, 基金债券持仓明细表-报告类型, 基金份额持有人结构表-报告类型, 基金份额持有人结构表-定期报告所属年度, 基金份额持有人结构表-截止日期"
66,针对2021年的年度报告，有多少家基金的个人投资者持有份额占比不足13%?,0.049,"基金份额持有人结构表-个人投资者持有的基金份额占总份额比例, 基金份额持有人结构表-个人投资者持有的基金份额, 基金份额持有人结构表-机构投资者持有的基金份额占总份额比例, 基金份额持有人结构表-机构投资者持有的基金份额, 基金规模变动表-报告期期末基金总份额, 基金股票持仓明细表-报告类型, 基金份额持有人结构表-报告类型, 基金份额持有人结构表-定期报告所属年度, 基金份额持有人结构表-截止日期, 基金份额持有人结构表-公告日期"
67,"在20210630的年报(含半年报)中，永赢泽利一年定期开放债券基金的债券持仓,其持有最大仓位的债券类型是什么?",0.066,"基金债券持仓明细表-第N大重仓股, 基金债券持仓明细表-债券类型, 基金可转债持仓明细表-第N大重仓股, 基金债券持仓明细表-持仓日期, 基金股票持仓明细表-报告类型, 基金可转债持仓明细表-报告类型, 基金债券持仓明细表-报告类型, 基金债券持仓明细表-持债市值, 基金份额持有人结构表-报告类型, 基金份额持有人结构表-定期报告所属年度"
68,查询下基金代码009350的基金，它的管理费率是？,0.042,"基金基本信息表-管理费率, 基金基本信息表-托管费率, 基金可转债持仓明细表-基金代码, 基金债券持仓明细表-基金代码, 基金日行情表-资产净值, 基金规模变动表-基金代码, 基金基本信息表-管理人, 基金基本信息表-基金代码, 基金份额持有人结构表-基金代码, 基金份额持有人结构表-报告类型"
69,平安金管家货币C基金在20210630的季报里，前三大持仓占比的债券名称是什么?,0.052,"基金债券持仓明细表-第N大重仓股, 基金可转债持仓明细表-第N大重仓股, 基金债券持仓明细表-债券名称, 基金债券持仓明细表-持债市值占基金资产净值比, 基金基本信息表-基金简称, 基金规模变动表-基金简称, 基金债券持仓明细表-基金简称, 基金可转债持仓明细表-基金简称, 基金份额持有人结构表-报告类型, 基金份额持有人结构表-定期报告所属年度"
70,广发景兴中短债债券A基金在20200930且报告类型是季报的持债市值中，哪类债券市值最高？,0.054,"基金债券持仓明细表-持债市值, 基金债券持仓明细表-持债市值占基金资产净值比, 基金可转债持仓明细表-市值, 基金债券持仓明细表-第N大重仓股, 基金债券持仓明细表-债券名称, 基金可转债持仓明细表-市值占基金资产净值比, 基金可转债持仓明细表-第N大重仓股, 基金债券持仓明细表-债券类型, 基金份额持有人结构表-报告类型, 基金份额持有人结构表-定期报告所属年度"
71,我想知道股票600322在申万行业分类下的二级行业是什么？用最新的数据。,0.052,"A股公司行业划分表-二级行业名称, A股公司行业划分表-股票代码, A股公司行业划分表-行业划分标准, A股公司行业划分表-一级行业名称, 基金股票持仓明细表-股票代码, A股票日行情表-股票代码, 基金股票持仓明细表-第N大重仓股, 基金份额持有人结构表-报告类型, 基金份额持有人结构表-定期报告所属年度, 基金份额持有人结构表-个人投资者持有的基金份额占总份额比例"
72,"假设股票日收益率计算公式为：日收益率 = （当日收盘价-昨收盘价）/昨收盘价。请帮我找到在2019年，申万行业分类行业划分标准,休闲服务一级行业中, 代码为多少的股票的日均收益率最高？",0.099,"A股公司行业划分表-股票代码, A股票日行情表-收盘价(元), A股票日行情表-股票代码, A股票日行情表-昨收盘(元), A股公司行业划分表-交易日期, 基金份额持有人结构表-报告类型, 基金份额持有人结构表-定期报告所属年度, 基金份额持有人结构表-个人投资者持有的基金份额占总份额比例, 基金份额持有人结构表-个人投资者持有的基金份额, 基金份额持有人结构表-机构投资者持有的基金份额占总份额比例"
73,"请帮我查询在2020年,泓德基金管理有限公司成立哪种类型的基金个数最多?",0.049,"基金基本信息表-成立日期, 基金基本信息表-管理人, 基金基本信息表-基金类型, 基金股票持仓明细表-报告类型, 基金份额持有人结构表-公告日期, 基金规模变动表-定期报告所属年度, 基金规模变动表-公告日期, 基金份额持有人结构表-报告类型, 基金份额持有人结构表-定期报告所属年度, 基金份额持有人结构表-个人投资者持有的基金份额占总份额比例"
74,请查询在20211125日期，中信行业分类下机械一级行业中，当日收盘价波动最大（即最高价与最低价之差最大）的股票代码是什么？,0.073,"A股公司行业划分表-股票代码, A股票日行情表-股票代码, A股票日行情表-最高价(元), A股票日行情表-最低价(元), A股票日行情表-成交量(股), A股票日行情表-收盘价(元), 基金股票持仓明细表-股票代码, 基金份额持有人结构表-报告类型, 基金份额持有人结构表-定期报告所属年度, 基金份额持有人结构表-个人投资者持有的基金份额占总份额比例"
75,20190419日，请给出浦银安盛盛勤3个月定期开放债券C基金的管理人和累计单位净值。,0.047,"基金日行情表-资产净值, 基金基本信息表-管理人, 基金可转债持仓明细表-基金简称, 基金规模变动表-公告日期, 基金日行情表-累计单位净值, 基金可转债持仓明细表-持仓日期, 基金份额持有人结构表-报告类型, 基金份额持有人结构表-定期报告所属年度, 基金份额持有人结构表-个人投资者持有的基金份额占总份额比例, 基金份额持有人结构表-个人投资者持有的基金份额"
76,帮我查一下在2021年，代码为600571的A股股票今开盘高于昨收盘的天数？,0.048,"A股票日行情表-股票代码, A股票日行情表-今开盘(元), 基金股票持仓明细表-股票代码, 港股票日行情表-今开盘(元), A股票日行情表-交易日, 港股票日行情表-交易日, A股公司行业划分表-股票代码, A股票日行情表-昨收盘(元), 基金份额持有人结构表-报告类型, 基金份额持有人结构表-定期报告所属年度"
77,在2019年12月年报(含半年报)中，诺安精选价值混合基金持有市值最多的前10只股票中，所在证券市场是中国香港证券交易所的有几个？,0.076,"基金股票持仓明细表-所在证券市场, 基金债券持仓明细表-第N大重仓股, 基金可转债持仓明细表-第N大重仓股, 基金可转债持仓明细表-基金简称, 基金股票持仓明细表-第N大重仓股, 基金份额持有人结构表-报告类型, 基金份额持有人结构表-定期报告所属年度, 基金份额持有人结构表-个人投资者持有的基金份额占总份额比例, 基金份额持有人结构表-个人投资者持有的基金份额, 基金份额持有人结构表-机构投资者持有的基金份额占总份额比例"
78,在20200424，按照申万行业分类的行业划分标准，哪个一级行业的A股公司数量最多？,0.05,"A股公司行业划分表-行业划分标准, A股公司行业划分表-一级行业名称, A股公司行业划分表-二级行业名称, A股公司行业划分表-股票代码, A股公司行业划分表-交易日期, A股票日行情表-成交量(股), 基金债券持仓明细表-第N大重仓股, 港股票日行情表-成交量(股), 基金份额持有人结构表-报告类型, 基金份额持有人结构表-定期报告所属年度"
79,"请查询：2021年12月年报(含半年报),持有20铜陵有色MTN001且是前10大重仓股的基金有几个？",0.051,"基金债券持仓明细表-第N大重仓股, 基金可转债持仓明细表-第N大重仓股, 基金股票持仓明细表-第N大重仓股, 基金股票持仓明细表-报告类型, 基金股票持仓明细表-持仓日期, 基金份额持有人结构表-报告类型, 基金份额持有人结构表-定期报告所属年度, 基金份额持有人结构表-个人投资者持有的基金份额占总份额比例, 基金份额持有人结构表-个人投资者持有的基金份额, 基金份额持有人结构表-机构投资者持有的基金份额占总份额比例"
80,请帮我计算，在20190128，申万行业分类划分的一级行业为食品饮料行业中，涨跌幅最大股票的股票代码是？涨跌幅是多少？百分数保留两位小数。股票涨跌幅定义为：（收盘价 - 前一日收盘价 / 前一日收盘价）* 100%。,0.12,"A股公司行业划分表-股票代码, A股公司行业划分表-一级行业名称, A股票日行情表-成交量(股), A股票日行情表-股票代码, 基金股票持仓明细表-股票代码, 港股票日行情表-成交量(股), 基金份额持有人结构表-报告类型, 基金份额持有人结构表-定期报告所属年度, 基金份额持有人结构表-个人投资者持有的基金份额占总份额比例, 基金份额持有人结构表-个人投资者持有的基金份额"
81,请帮我计算，在20200521，申万行业分类划分的一级行业为采掘行业中，涨跌幅最大股票的股票代码是？涨跌幅是多少？百分数保留两位小数。股票涨跌幅定义为：（收盘价 - 前一日收盘价 / 前一日收盘价）* 100%。,0.093,"A股公司行业划分表-股票代码, A股票日行情表-股票代码, A股公司行业划分表-一级行业名称, A股票日行情表-成交量(股), 基金股票持仓明细表-股票代码, 基金份额持有人结构表-报告类型, 基金份额持有人结构表-定期报告所属年度, 基金份额持有人结构表-个人投资者持有的基金份额占总份额比例, 基金份额持有人结构表-个人投资者持有的基金份额, 基金份额持有人结构表-机构投资者持有的基金份额占总份额比例"
82,广发稳健增长C基金在20200930的季报里，前三大持仓占比的债券名称是什么?,0.052,"基金债券持仓明细表-第N大重仓股, 基金可转债持仓明细表-第N大重仓股, 基金债券持仓明细表-持债市值占基金资产净值比, 基金可转债持仓明细表-基金简称, 基金债券持仓明细表-债券名称, 基金可转债持仓明细表-持仓日期, 基金股票持仓明细表-第N大重仓股, 基金份额持有人结构表-报告类型, 基金份额持有人结构表-定期报告所属年度, 基金份额持有人结构表-个人投资者持有的基金份额占总份额比例"
83,20201014港股下跌的股票家数有多少家?,0.037,"港股票日行情表-交易日, 港股票日行情表-股票代码, 港股票日行情表-成交量(股), 港股票日行情表-最低价(元), 港股票日行情表-昨收盘(元), 港股票日行情表-今开盘(元), 港股票日行情表-成交金额(元), 港股票日行情表-收盘价(元), 基金份额持有人结构表-报告类型, 基金份额持有人结构表-定期报告所属年度"
84,在20211030，按照申万行业分类的行业划分标准，哪个一级行业的A股公司数量最多？,0.045,"A股公司行业划分表-行业划分标准, A股公司行业划分表-一级行业名称, A股公司行业划分表-二级行业名称, A股公司行业划分表-股票代码, A股公司行业划分表-交易日期, A股票日行情表-成交量(股), 港股票日行情表-成交量(股), 基金份额持有人结构表-报告类型, 基金份额持有人结构表-定期报告所属年度, 基金份额持有人结构表-个人投资者持有的基金份额占总份额比例"
85,在2021年的年度报告里，博道基金管理有限公司管理的基金中，有多少比例的基金是个人投资者持有的份额超过机构投资者？希望得到一个精确到两位小数的百分比。,0.085,"基金份额持有人结构表-个人投资者持有的基金份额占总份额比例, 基金份额持有人结构表-机构投资者持有的基金份额占总份额比例, 基金份额持有人结构表-个人投资者持有的基金份额, 基金份额持有人结构表-机构投资者持有的基金份额, 基金基本信息表-管理人, 基金股票持仓明细表-市值占基金资产净值比, 基金规模变动表-报告期期末基金总份额, 基金份额持有人结构表-报告类型, 基金份额持有人结构表-定期报告所属年度, 基金份额持有人结构表-截止日期"
86,"请帮我查询下，在20210907，申万行业分类里一级行业为钢铁行业的所有股票里, 成交金额(元)最多的股票的代码是什么？成交金额是多少？",0.083,"A股公司行业划分表-股票代码, A股票日行情表-成交量(股), A股票日行情表-成交金额(元), 港股票日行情表-成交金额(元), 港股票日行情表-成交量(股), A股公司行业划分表-一级行业名称, A股票日行情表-股票代码, 基金股票持仓明细表-股票代码, 基金份额持有人结构表-报告类型, 基金份额持有人结构表-定期报告所属年度"
87,"我想了解一下富国基金管理有限公司2020年成立的混合型基金,其管理费率的平均值是多少?请四舍五入保留小数点两位。",0.068,"基金基本信息表-管理人, 基金基本信息表-管理费率, 基金基本信息表-托管费率, 基金基本信息表-基金简称, 基金规模变动表-基金简称, 基金基本信息表-成立日期, 基金股票持仓明细表-基金简称, 基金份额持有人结构表-基金简称, 基金份额持有人结构表-报告类型, 基金份额持有人结构表-定期报告所属年度"
88,"在20211231的年报(含半年报)中，国寿安保中债-3-5年政策性金融债指数C基金的债券持仓,其持有最大仓位的债券类型是什么?",0.079,"基金债券持仓明细表-债券类型, 基金债券持仓明细表-第N大重仓股, 基金可转债持仓明细表-第N大重仓股, 基金债券持仓明细表-持仓日期, 基金债券持仓明细表-持债市值占基金资产净值比, 基金债券持仓明细表-持债市值, 基金可转债持仓明细表-报告类型, 基金份额持有人结构表-报告类型, 基金份额持有人结构表-定期报告所属年度, 基金份额持有人结构表-个人投资者持有的基金份额占总份额比例"
89,请查询在2019年度，603078股票涨停天数？   解释：（收盘价/昨日收盘价-1）》=9.8% 视作涨停,0.058,"A股票日行情表-股票代码, A股票日行情表-今开盘(元), A股票日行情表-成交量(股), A股票日行情表-收盘价(元), A股票日行情表-交易日, 港股票日行情表-成交量(股), A股票日行情表-昨收盘(元), 港股票日行情表-交易日, 基金份额持有人结构表-报告类型, 基金份额持有人结构表-定期报告所属年度"
90,请帮我查询下在2020年浙商基金管理有限公司成立的基金中，有多少只基金持仓过可转债债券？,0.056,"基金可转债持仓明细表-第N大重仓股, 基金可转债持仓明细表-数量, 基金可转债持仓明细表-市值, 基金可转债持仓明细表-债券名称, 基金可转债持仓明细表-市值占基金资产净值比, 基金份额持有人结构表-报告类型, 基金份额持有人结构表-定期报告所属年度, 基金份额持有人结构表-个人投资者持有的基金份额占总份额比例, 基金份额持有人结构表-个人投资者持有的基金份额, 基金份额持有人结构表-机构投资者持有的基金份额占总份额比例"
91,"请帮我查询在2020年,中航基金管理有限公司成立哪种类型的基金个数最多?",0.05,"基金基本信息表-成立日期, 基金基本信息表-管理人, 基金股票持仓明细表-报告类型, 基金基本信息表-基金类型, 基金股票持仓明细表-数量, 基金基本信息表-托管人, 基金规模变动表-定期报告所属年度, 基金份额持有人结构表-报告类型, 基金份额持有人结构表-定期报告所属年度, 基金份额持有人结构表-个人投资者持有的基金份额占总份额比例"
92,请查询在20190724日期，中信行业分类下房地产一级行业中，当日收盘价波动最大（即最高价与最低价之差最大）的股票代码是什么？,0.077,"A股票日行情表-最高价(元), A股票日行情表-最低价(元), A股公司行业划分表-股票代码, A股票日行情表-收盘价(元), 港股票日行情表-最高价(元), A股票日行情表-成交量(股), 港股票日行情表-最低价(元), 基金份额持有人结构表-报告类型, 基金份额持有人结构表-定期报告所属年度, 基金份额持有人结构表-个人投资者持有的基金份额占总份额比例"
93,帮我查询在2020年12月31日，代码为009704的基金前20大重仓股票中属于中信二级酒类行业的平均市值是多少？小数点后保留不超过3位。,0.085,"基金股票持仓明细表-第N大重仓股, 基金可转债持仓明细表-第N大重仓股, 基金债券持仓明细表-第N大重仓股, 基金股票持仓明细表-市值, 基金股票持仓明细表-股票名称, 基金股票持仓明细表-股票代码, 基金份额持有人结构表-报告类型, 基金份额持有人结构表-定期报告所属年度, 基金份额持有人结构表-个人投资者持有的基金份额占总份额比例, 基金份额持有人结构表-个人投资者持有的基金份额"
94,招商基金管理有限公司2020年成立了多少基金?,0.04,"基金基本信息表-成立日期, 基金基本信息表-管理人, 基金份额持有人结构表-公告日期, 基金规模变动表-报告期基金总申购份额, 基金规模变动表-公告日期, 基金规模变动表-报告期期末基金总份额, 基金基本信息表-托管人, 基金份额持有人结构表-报告类型, 基金份额持有人结构表-定期报告所属年度, 基金份额持有人结构表-个人投资者持有的基金份额占总份额比例"
95,帮我查一下蜂巢添益纯债债券A基金在20210817的资产净值和单位净值是多少?,0.049,"基金日行情表-资产净值, 基金日行情表-单位净值, 基金可转债持仓明细表-市值占基金资产净值比, 基金可转债持仓明细表-市值, 基金日行情表-复权单位净值, 基金债券持仓明细表-持债市值占基金资产净值比, 基金债券持仓明细表-持债市值, 基金份额持有人结构表-报告类型, 基金份额持有人结构表-定期报告所属年度, 基金份额持有人结构表-个人投资者持有的基金份额占总份额比例"
96,"请帮我查询在2019年,海富通基金管理有限公司成立哪种类型的基金个数最多?",0.043,"基金基本信息表-成立日期, 基金基本信息表-管理人, 基金基本信息表-基金类型, 基金股票持仓明细表-报告类型, 基金份额持有人结构表-定期报告所属年度, 基金份额持有人结构表-公告日期, 基金规模变动表-定期报告所属年度, 基金份额持有人结构表-报告类型, 基金份额持有人结构表-个人投资者持有的基金份额占总份额比例, 基金份额持有人结构表-个人投资者持有的基金份额"
97,请查询在20210519日期，中信行业分类下电力设备及新能源一级行业中，当日收盘价波动最大（即最高价与最低价之差最大）的股票代码是什么？,0.07,"A股公司行业划分表-股票代码, A股票日行情表-股票代码, A股票日行情表-最高价(元), A股票日行情表-最低价(元), A股票日行情表-成交量(股), 基金股票持仓明细表-股票代码, A股公司行业划分表-交易日期, 基金份额持有人结构表-报告类型, 基金份额持有人结构表-定期报告所属年度, 基金份额持有人结构表-个人投资者持有的基金份额占总份额比例"
98,请帮我查询在截止2019-12-31的报告期间，基金总份额降低的基金数量是多少？,0.05,"基金规模变动表-报告期期末基金总份额, 基金规模变动表-报告期基金总赎回份额, 基金规模变动表-报告期期初基金总份额, 基金规模变动表-报告期基金总申购份额, 基金份额持有人结构表-截止日期, 基金份额持有人结构表-公告日期, 基金规模变动表-截止日期, 基金份额持有人结构表-报告类型, 基金份额持有人结构表-定期报告所属年度, 基金份额持有人结构表-个人投资者持有的基金份额占总份额比例"
99,请列出国泰基金管理有限公司在2020年成立并且托管人为中国邮政储蓄银行股份有限公司的所有基金的基金托管费率的平均数。,0.07,"基金基本信息表-托管费率, 基金基本信息表-管理费率, 基金基本信息表-托管人, 基金基本信息表-管理人, 基金基本信息表-成立日期, 基金份额持有人结构表-报告类型, 基金份额持有人结构表-定期报告所属年度, 基金份额持有人结构表-个人投资者持有的基金份额占总份额比例, 基金份额持有人结构表-个人投资者持有的基金份额, 基金份额持有人结构表-机构投资者持有的基金份额占总份额比例"
100,请帮我查询出20201020日，电力及公用事业一级行业涨幅超过5%（不包含）的股票数量。,0.05,"A股公司行业划分表-股票代码, A股票日行情表-成交量(股), A股公司行业划分表-一级行业名称, A股公司行业划分表-交易日期, A股票日行情表-股票代码, 港股票日行情表-成交量(股), 基金份额持有人结构表-报告类型, 基金份额持有人结构表-定期报告所属年度, 基金份额持有人结构表-个人投资者持有的基金份额占总份额比例, 基金份额持有人结构表-个人投资者持有的基金份额"
101,请查询在2019年度，002093股票涨停天数？   解释：（收盘价/昨日收盘价-1）》=9.8% 视作涨停,0.063,"A股票日行情表-成交量(股), A股票日行情表-今开盘(元), A股票日行情表-交易日, A股票日行情表-昨收盘(元), A股票日行情表-收盘价(元), 港股票日行情表-成交量(股), 港股票日行情表-交易日, 基金份额持有人结构表-公告日期, 基金份额持有人结构表-报告类型, 基金份额持有人结构表-定期报告所属年度"
102,在2021年的中期报告里，中信证券股份有限公司管理的基金中，有多少比例的基金是个人投资者持有的份额超过机构投资者？希望得到一个精确到两位小数的百分比。,0.081,"基金份额持有人结构表-个人投资者持有的基金份额占总份额比例, 基金份额持有人结构表-机构投资者持有的基金份额占总份额比例, 基金份额持有人结构表-个人投资者持有的基金份额, 基金份额持有人结构表-机构投资者持有的基金份额, 基金规模变动表-报告期期末基金总份额, 基金份额持有人结构表-报告类型, 基金份额持有人结构表-定期报告所属年度, 基金份额持有人结构表-截止日期, 基金份额持有人结构表-公告日期, 基金份额持有人结构表-基金简称"
103,我想知道鹏扬添利增强债券A基金在20200630的年报(含半年报)中，其可转债持仓占比最大的是哪个行业？用中信一级行业来统计。,0.073,"基金可转债持仓明细表-第N大重仓股, 基金债券持仓明细表-第N大重仓股, 基金可转债持仓明细表-市值, 基金债券持仓明细表-基金简称, 基金可转债持仓明细表-市值占基金资产净值比, 基金可转债持仓明细表-持仓日期, 基金可转债持仓明细表-所在证券市场, 基金份额持有人结构表-报告类型, 基金份额持有人结构表-定期报告所属年度, 基金份额持有人结构表-个人投资者持有的基金份额占总份额比例"
104,请列出平安基金管理有限公司在2019年成立并且托管人为兴业银行股份有限公司的所有基金的基金托管费率的平均数。,0.071,"基金基本信息表-托管费率, 基金基本信息表-管理费率, 基金基本信息表-托管人, 基金基本信息表-成立日期, 基金基本信息表-管理人, 基金基本信息表-基金简称, 基金份额持有人结构表-报告类型, 基金份额持有人结构表-定期报告所属年度, 基金份额持有人结构表-个人投资者持有的基金份额占总份额比例, 基金份额持有人结构表-个人投资者持有的基金份额"
105,"请帮我查询在2020年,信达澳亚基金管理有限公司成立哪种类型的基金个数最多?",0.05,"基金基本信息表-成立日期, 基金基本信息表-基金类型, 基金股票持仓明细表-报告类型, 基金基本信息表-管理人, 基金规模变动表-定期报告所属年度, 基金份额持有人结构表-定期报告所属年度, 基金份额持有人结构表-报告类型, 基金份额持有人结构表-个人投资者持有的基金份额占总份额比例, 基金份额持有人结构表-个人投资者持有的基金份额, 基金份额持有人结构表-机构投资者持有的基金份额占总份额比例"
106,浙商智多宝稳健一年持有期混合A基金在20211231且报告类型是季报的持债市值中，哪类债券市值最高？,0.059,"基金债券持仓明细表-持债市值, 基金债券持仓明细表-持债市值占基金资产净值比, 基金可转债持仓明细表-市值, 基金债券持仓明细表-债券名称, 基金可转债持仓明细表-市值占基金资产净值比, 基金债券持仓明细表-第N大重仓股, 基金债券持仓明细表-持债数量, 基金份额持有人结构表-报告类型, 基金份额持有人结构表-定期报告所属年度, 基金份额持有人结构表-个人投资者持有的基金份额占总份额比例"
107,股票000554在20210723日期中的收盘价是多少?（小数点保留3位）,0.045,"A股票日行情表-收盘价(元), 港股票日行情表-收盘价(元), 港股票日行情表-昨收盘(元), A股票日行情表-昨收盘(元), A股票日行情表-今开盘(元), A股票日行情表-股票代码, A股票日行情表-成交量(股), 港股票日行情表-今开盘(元), 基金份额持有人结构表-报告类型, 基金份额持有人结构表-定期报告所属年度"
108,20190726日，一级行业为电力设备的股票的成交量合计是多少？取整。,0.056,"A股票日行情表-成交量(股), 港股票日行情表-成交量(股), A股票日行情表-成交金额(元), 港股票日行情表-成交金额(元), A股公司行业划分表-交易日期, A股票日行情表-交易日, 港股票日行情表-交易日, 基金份额持有人结构表-报告类型, 基金份额持有人结构表-定期报告所属年度, 基金份额持有人结构表-个人投资者持有的基金份额占总份额比例"
109,20201231日，中国化学在多少只基金的前五大重仓股中？,0.049,"基金股票持仓明细表-第N大重仓股, 基金可转债持仓明细表-第N大重仓股, 基金债券持仓明细表-第N大重仓股, 基金股票持仓明细表-数量, 基金股票持仓明细表-持仓日期, 基金份额持有人结构表-报告类型, 基金份额持有人结构表-定期报告所属年度, 基金份额持有人结构表-个人投资者持有的基金份额占总份额比例, 基金份额持有人结构表-个人投资者持有的基金份额, 基金份额持有人结构表-机构投资者持有的基金份额占总份额比例"
110,在2020年7月10日，使用中信行业分类标准，股票代码603801是属于哪个一级行业的?,0.05,"A股公司行业划分表-行业划分标准, A股公司行业划分表-一级行业名称, A股公司行业划分表-股票代码, A股公司行业划分表-二级行业名称, A股票日行情表-股票代码, A股公司行业划分表-交易日期, 基金股票持仓明细表-股票代码, 基金股票持仓明细表-所属国家(地区), 基金份额持有人结构表-报告类型, 基金份额持有人结构表-定期报告所属年度"
111,我想知道兴全磐稳增利债券C基金在20200930的季报中，其可转债持仓占比最大的是哪个行业？用申万一级行业来统计。,0.066,"基金可转债持仓明细表-第N大重仓股, 基金可转债持仓明细表-基金简称, 基金债券持仓明细表-第N大重仓股, 基金可转债持仓明细表-市值占基金资产净值比, 基金可转债持仓明细表-市值, 基金可转债持仓明细表-报告类型, 基金可转债持仓明细表-数量, 基金份额持有人结构表-报告类型, 基金份额持有人结构表-定期报告所属年度, 基金份额持有人结构表-个人投资者持有的基金份额占总份额比例"
112,我想知道浦银安盛双债增强债券C基金在20200331的季报中，其可转债持仓占比最大的是哪个行业？用申万一级行业来统计。,0.084,"基金可转债持仓明细表-第N大重仓股, 基金可转债持仓明细表-基金简称, 基金债券持仓明细表-第N大重仓股, 基金可转债持仓明细表-市值占基金资产净值比, 基金可转债持仓明细表-市值, 基金可转债持仓明细表-持仓日期, 基金可转债持仓明细表-数量, 基金份额持有人结构表-报告类型, 基金份额持有人结构表-定期报告所属年度, 基金份额持有人结构表-个人投资者持有的基金份额占总份额比例"
113,在2020年12月季报中，持有东方雨虹这一股票且市值占基金资产净值比不小于5%的有几只基金？,0.061,"基金股票持仓明细表-市值占基金资产净值比, 基金股票持仓明细表-市值, 基金股票持仓明细表-股票代码, 基金股票持仓明细表-股票名称, 基金股票持仓明细表-数量, 基金份额持有人结构表-报告类型, 基金份额持有人结构表-定期报告所属年度, 基金份额持有人结构表-个人投资者持有的基金份额占总份额比例, 基金份额持有人结构表-个人投资者持有的基金份额, 基金份额持有人结构表-机构投资者持有的基金份额占总份额比例"
114,我想知道博时价值臻选两年持有期灵活配置混合C基金，在2021年年度报告中，前10大重仓股中，有多少只股票在报告期内取得正收益。,0.075,"基金股票持仓明细表-第N大重仓股, 基金债券持仓明细表-第N大重仓股, 基金可转债持仓明细表-第N大重仓股, 基金股票持仓明细表-基金简称, 基金股票持仓明细表-市值占基金资产净值比, 基金份额持有人结构表-报告类型, 基金份额持有人结构表-定期报告所属年度, 基金份额持有人结构表-个人投资者持有的基金份额占总份额比例, 基金份额持有人结构表-个人投资者持有的基金份额, 基金份额持有人结构表-机构投资者持有的基金份额占总份额比例"
115,20200923港股下跌的股票家数有多少家?,0.04,"港股票日行情表-股票代码, 港股票日行情表-成交量(股), 港股票日行情表-交易日, 港股票日行情表-昨收盘(元), 港股票日行情表-最低价(元), 港股票日行情表-今开盘(元), 港股票日行情表-成交金额(元), 港股票日行情表-收盘价(元), 基金份额持有人结构表-报告类型, 基金份额持有人结构表-定期报告所属年度"
116,我想知道凯石沣混合C基金在20201231的季报中，其可转债持仓占比最大的是哪个行业？用申万一级行业来统计。,0.057,"基金可转债持仓明细表-第N大重仓股, 基金可转债持仓明细表-基金简称, 基金可转债持仓明细表-市值占基金资产净值比, 基金可转债持仓明细表-市值, 基金可转债持仓明细表-数量, 基金可转债持仓明细表-报告类型, 基金债券持仓明细表-第N大重仓股, 基金份额持有人结构表-报告类型, 基金份额持有人结构表-定期报告所属年度, 基金份额持有人结构表-个人投资者持有的基金份额占总份额比例"
117,"我想了解南方益和灵活配置混合基金,在2019年一季度的季报第6大重股。该持仓股票当个季度的涨跌幅?请四舍五入保留百分比到小数点两位。",0.071,"基金可转债持仓明细表-第N大重仓股, 基金债券持仓明细表-第N大重仓股, 基金股票持仓明细表-第N大重仓股, 基金股票持仓明细表-基金简称, 基金股票持仓明细表-股票名称, 基金份额持有人结构表-报告类型, 基金份额持有人结构表-定期报告所属年度, 基金份额持有人结构表-个人投资者持有的基金份额占总份额比例, 基金份额持有人结构表-个人投资者持有的基金份额, 基金份额持有人结构表-机构投资者持有的基金份额占总份额比例"
118,国寿安保泰弘纯债债券基金在20210930的季报里，前三大持仓占比的债券名称是什么?,0.047,"基金债券持仓明细表-第N大重仓股, 基金债券持仓明细表-债券名称, 基金可转债持仓明细表-第N大重仓股, 基金债券持仓明细表-持债市值占基金资产净值比, 基金规模变动表-基金简称, 基金债券持仓明细表-债券类型, 基金可转债持仓明细表-基金简称, 基金份额持有人结构表-报告类型, 基金份额持有人结构表-定期报告所属年度, 基金份额持有人结构表-个人投资者持有的基金份额占总份额比例"
119,"请查询：2020年12月年报(含半年报),持有20平安银行CD073且是前10大重仓股的基金有几个？",0.058,"基金债券持仓明细表-第N大重仓股, 基金可转债持仓明细表-第N大重仓股, 基金股票持仓明细表-第N大重仓股, 基金股票持仓明细表-数量, 基金股票持仓明细表-报告类型, 基金份额持有人结构表-报告类型, 基金份额持有人结构表-定期报告所属年度, 基金份额持有人结构表-个人投资者持有的基金份额占总份额比例, 基金份额持有人结构表-个人投资者持有的基金份额, 基金份额持有人结构表-机构投资者持有的基金份额占总份额比例"
120,"我想了解一下东方阿尔法基金管理有限公司2020年成立的混合型基金,其管理费率的平均值是多少?请四舍五入保留小数点两位。",0.069,"基金基本信息表-管理人, 基金基本信息表-管理费率, 基金基本信息表-托管费率, 基金份额持有人结构表-基金简称, 基金股票持仓明细表-基金简称, 基金基本信息表-基金简称, 基金基本信息表-托管人, 基金份额持有人结构表-报告类型, 基金份额持有人结构表-定期报告所属年度, 基金份额持有人结构表-个人投资者持有的基金份额占总份额比例"
121,查询下基金代码005137的基金，它的托管人是？,0.038,"基金基本信息表-托管人, 基金基本信息表-管理人, 基金债券持仓明细表-基金代码, 基金股票持仓明细表-基金代码, 基金可转债持仓明细表-基金代码, 基金份额持有人结构表-基金代码, 基金日行情表-基金代码, 基金基本信息表-基金代码, 基金份额持有人结构表-报告类型, 基金份额持有人结构表-定期报告所属年度"
122,20210106日，请给出汇安宜创量化精选混合C基金的管理人和累计单位净值。,0.047,"基金日行情表-资产净值, 基金基本信息表-管理人, 基金日行情表-累计单位净值, 基金日行情表-单位净值, 基金日行情表-复权单位净值, 基金可转债持仓明细表-基金简称, 基金份额持有人结构表-报告类型, 基金份额持有人结构表-定期报告所属年度, 基金份额持有人结构表-个人投资者持有的基金份额占总份额比例, 基金份额持有人结构表-个人投资者持有的基金份额"
123,请帮我计算，在20210715，中信行业分类划分的一级行业为消费者服务行业中，涨跌幅最大股票的股票代码是？涨跌幅是多少？百分数保留两位小数。股票涨跌幅定义为：（收盘价 - 前一日收盘价 / 前一日收盘价）* 100%。,0.109,"A股公司行业划分表-股票代码, A股票日行情表-股票代码, A股票日行情表-成交量(股), A股公司行业划分表-一级行业名称, A股票日行情表-最高价(元), 港股票日行情表-股票代码, 港股票日行情表-成交量(股), 基金份额持有人结构表-报告类型, 基金份额持有人结构表-定期报告所属年度, 基金份额持有人结构表-个人投资者持有的基金份额占总份额比例"
124,"在20201231的年报(含半年报)中，泰康长江经济带债券C基金的债券持仓,其持有最大仓位的债券类型是什么?",0.064,"基金债券持仓明细表-第N大重仓股, 基金可转债持仓明细表-第N大重仓股, 基金债券持仓明细表-债券类型, 基金债券持仓明细表-持仓日期, 基金股票持仓明细表-报告类型, 基金债券持仓明细表-债券名称, 基金可转债持仓明细表-报告类型, 基金债券持仓明细表-持债市值, 基金份额持有人结构表-报告类型, 基金份额持有人结构表-定期报告所属年度"
125,我想知道股票300819在申万行业分类下的二级行业是什么？用最新的数据。,0.044,"A股公司行业划分表-二级行业名称, A股公司行业划分表-行业划分标准, A股公司行业划分表-股票代码, A股公司行业划分表-一级行业名称, 基金股票持仓明细表-股票代码, A股公司行业划分表-交易日期, A股票日行情表-股票代码, 基金份额持有人结构表-报告类型, 基金份额持有人结构表-定期报告所属年度, 基金份额持有人结构表-个人投资者持有的基金份额占总份额比例"
126,股票002215在20190228日期中的收盘价是多少?（小数点保留3位）,0.043,"A股票日行情表-收盘价(元), A股票日行情表-昨收盘(元), A股票日行情表-今开盘(元), 港股票日行情表-收盘价(元), 基金股票持仓明细表-股票代码, 港股票日行情表-昨收盘(元), A股票日行情表-交易日, 港股票日行情表-交易日, 基金份额持有人结构表-报告类型, 基金份额持有人结构表-定期报告所属年度"
127,请问股票代码为002164的股票在2019年内日成交量低于该股票当年平均日成交量的有多少个交易日？,0.054,"A股票日行情表-成交量(股), A股票日行情表-交易日, 港股票日行情表-成交量(股), 港股票日行情表-交易日, A股票日行情表-成交金额(元), A股公司行业划分表-交易日期, 基金份额持有人结构表-报告类型, 基金份额持有人结构表-定期报告所属年度, 基金份额持有人结构表-个人投资者持有的基金份额占总份额比例, 基金份额持有人结构表-个人投资者持有的基金份额"
128,平安惠添纯债债券基金在20190930的季报里，前三大持仓占比的债券名称是什么?,0.05,"基金债券持仓明细表-第N大重仓股, 基金可转债持仓明细表-第N大重仓股, 基金债券持仓明细表-债券名称, 基金债券持仓明细表-持债市值占基金资产净值比, 基金可转债持仓明细表-基金简称, 基金规模变动表-基金简称, 基金可转债持仓明细表-报告类型, 基金份额持有人结构表-报告类型, 基金份额持有人结构表-定期报告所属年度, 基金份额持有人结构表-个人投资者持有的基金份额占总份额比例"
129,帮我查询在2020年12月31日，代码为011131的基金前20大重仓股票中属于中信二级生物医药Ⅱ行业的平均市值是多少？小数点后保留不超过3位。,0.078,"基金股票持仓明细表-第N大重仓股, 基金股票持仓明细表-市值, 基金可转债持仓明细表-第N大重仓股, 基金股票持仓明细表-股票代码, 基金债券持仓明细表-第N大重仓股, 基金份额持有人结构表-报告类型, 基金份额持有人结构表-定期报告所属年度, 基金份额持有人结构表-个人投资者持有的基金份额占总份额比例, 基金份额持有人结构表-个人投资者持有的基金份额, 基金份额持有人结构表-机构投资者持有的基金份额占总份额比例"
130,在2019年11月16日，使用中信行业分类标准，股票代码003004是属于哪个一级行业的?,0.05,"A股公司行业划分表-行业划分标准, A股公司行业划分表-股票代码, A股公司行业划分表-一级行业名称, A股公司行业划分表-二级行业名称, A股公司行业划分表-交易日期, A股票日行情表-股票代码, 基金股票持仓明细表-股票代码, 港股票日行情表-股票代码, 基金份额持有人结构表-报告类型, 基金份额持有人结构表-定期报告所属年度"
131,"我想了解一下红塔红土基金管理有限公司2019年成立的债券型基金,其管理费率的平均值是多少?请四舍五入保留小数点两位。",0.069,"基金基本信息表-管理费率, 基金基本信息表-管理人, 基金基本信息表-托管费率, 基金基本信息表-基金简称, 基金规模变动表-基金简称, 基金债券持仓明细表-基金简称, 基金债券持仓明细表-债券类型, 基金份额持有人结构表-报告类型, 基金份额持有人结构表-定期报告所属年度, 基金份额持有人结构表-个人投资者持有的基金份额占总份额比例"
132,我想知道股票000809在申万行业分类下的二级行业是什么？用最新的数据。,0.05,"A股公司行业划分表-二级行业名称, A股公司行业划分表-股票代码, A股公司行业划分表-行业划分标准, A股公司行业划分表-一级行业名称, A股公司行业划分表-交易日期, 基金债券持仓明细表-第N大重仓股, 基金股票持仓明细表-股票代码, 基金份额持有人结构表-报告类型, 基金份额持有人结构表-定期报告所属年度, 基金份额持有人结构表-个人投资者持有的基金份额占总份额比例"
133,请帮我计算，代码为603108的股票，2020年一年持有的年化收益率有多少？百分数请保留两位小数。年化收益率定义为：（（有记录的一年的最终收盘价-有记录的一年的年初当天开盘价）/有记录的一年的当天开盘价）* 100%。,0.117,"A股票日行情表-股票代码, 基金股票持仓明细表-股票代码, 基金股票持仓明细表-市值, 基金可转债持仓明细表-对应股票代码, A股公司行业划分表-股票代码, 基金份额持有人结构表-报告类型, 基金份额持有人结构表-定期报告所属年度, 基金份额持有人结构表-个人投资者持有的基金份额占总份额比例, 基金份额持有人结构表-个人投资者持有的基金份额, 基金份额持有人结构表-机构投资者持有的基金份额占总份额比例"
134,"我想了解一下西部利得基金管理有限公司2020年成立的债券型基金,其管理费率的平均值是多少?请四舍五入保留小数点两位。",0.075,"基金份额持有人结构表-基金简称, 基金基本信息表-管理费率, 基金基本信息表-托管费率, 基金基本信息表-管理人, 基金债券持仓明细表-基金简称, 基金基本信息表-基金简称, 基金规模变动表-基金简称, 基金债券持仓明细表-债券类型, 基金份额持有人结构表-报告类型, 基金份额持有人结构表-定期报告所属年度"
135,在2020年5月2日，使用中信行业分类标准，股票代码600483是属于哪个一级行业的?,0.06,"A股公司行业划分表-股票代码, A股公司行业划分表-行业划分标准, A股公司行业划分表-二级行业名称, A股公司行业划分表-一级行业名称, A股票日行情表-股票代码, A股公司行业划分表-交易日期, 港股票日行情表-股票代码, 基金股票持仓明细表-股票代码, 基金可转债持仓明细表-对应股票代码, 基金份额持有人结构表-报告类型"
136,请帮我查询出20200713日，公用事业一级行业涨幅超过5%（不包含）的股票数量。,0.051,"A股公司行业划分表-股票代码, A股票日行情表-成交量(股), A股公司行业划分表-一级行业名称, A股票日行情表-股票代码, A股公司行业划分表-二级行业名称, A股公司行业划分表-交易日期, 港股票日行情表-成交量(股), 基金份额持有人结构表-报告类型, 基金份额持有人结构表-定期报告所属年度, 基金份额持有人结构表-个人投资者持有的基金份额占总份额比例"
137,20201231日，轻工制造一级行业有多少只A股股票？,0.047,"A股公司行业划分表-股票代码, A股公司行业划分表-一级行业名称, A股公司行业划分表-二级行业名称, A股票日行情表-成交量(股), A股票日行情表-股票代码, 基金股票持仓明细表-第N大重仓股, 基金份额持有人结构表-报告类型, 基金份额持有人结构表-定期报告所属年度, 基金份额持有人结构表-个人投资者持有的基金份额占总份额比例, 基金份额持有人结构表-个人投资者持有的基金份额"
138,20200204日，开盘价较上一交易日最高价高的股票有多少只？（如上一交易日没有某只股票，则不统计在内）,0.07,"A股票日行情表-最高价(元), A股票日行情表-今开盘(元), A股票日行情表-成交量(股), A股票日行情表-交易日, 港股票日行情表-最高价(元), A股票日行情表-昨收盘(元), 港股票日行情表-成交量(股), A股票日行情表-成交金额(元), 基金份额持有人结构表-报告类型, 基金份额持有人结构表-定期报告所属年度"
139,请帮我查询下，在2019年Q4季报报告中，007837基金的第一大重仓可转债同期还有多少只基金也进行了持仓？,0.064,"基金可转债持仓明细表-第N大重仓股, 基金债券持仓明细表-第N大重仓股, 基金可转债持仓明细表-数量, 基金股票持仓明细表-第N大重仓股, 基金可转债持仓明细表-持仓日期, 基金可转债持仓明细表-基金代码, 基金份额持有人结构表-报告类型, 基金份额持有人结构表-定期报告所属年度, 基金份额持有人结构表-个人投资者持有的基金份额占总份额比例, 基金份额持有人结构表-个人投资者持有的基金份额"
140,20200706日，一级行业为机械的股票的成交金额合计是多少？取整。,0.045,"A股票日行情表-成交金额(元), A股票日行情表-成交量(股), 港股票日行情表-成交金额(元), 港股票日行情表-成交量(股), A股公司行业划分表-交易日期, A股公司行业划分表-股票代码, A股票日行情表-交易日, 基金份额持有人结构表-报告类型, 基金份额持有人结构表-定期报告所属年度, 基金份额持有人结构表-个人投资者持有的基金份额占总份额比例"
141,我想知道2020年的年度报告中，机构投资者持有的份额占比超过75%的基金有多少，并且他们总共持有了多少?记得帮我保留两位小数。,0.075,"基金份额持有人结构表-机构投资者持有的基金份额占总份额比例, 基金份额持有人结构表-机构投资者持有的基金份额, 基金份额持有人结构表-个人投资者持有的基金份额占总份额比例, 基金份额持有人结构表-个人投资者持有的基金份额, 基金股票持仓明细表-数量, 基金份额持有人结构表-定期报告所属年度, 基金规模变动表-报告期期末基金总份额, 基金份额持有人结构表-报告类型, 基金份额持有人结构表-截止日期, 基金份额持有人结构表-公告日期"
142,嘉实基金管理有限公司管理的其他型产品的数量有多少?,0.043,"基金基本信息表-管理人, 基金股票持仓明细表-数量, 基金基本信息表-基金类型, 基金可转债持仓明细表-数量, 基金日行情表-资产净值, 基金规模变动表-报告期期末基金总份额, 基金份额持有人结构表-报告类型, 基金份额持有人结构表-定期报告所属年度, 基金份额持有人结构表-个人投资者持有的基金份额占总份额比例, 基金份额持有人结构表-个人投资者持有的基金份额"
143,在2020年12月年报(含半年报)中，富安达科技领航混合A基金持有市值最多的前10只股票中，所在证券市场是深圳证券交易所的有几个？,0.073,"基金股票持仓明细表-所在证券市场, 基金可转债持仓明细表-所在证券市场, 基金股票持仓明细表-市值, 基金债券持仓明细表-第N大重仓股, 基金股票持仓明细表-市值占基金资产净值比, 基金份额持有人结构表-报告类型, 基金份额持有人结构表-定期报告所属年度, 基金份额持有人结构表-个人投资者持有的基金份额占总份额比例, 基金份额持有人结构表-个人投资者持有的基金份额, 基金份额持有人结构表-机构投资者持有的基金份额占总份额比例"
144,"我想了解九泰聚鑫混合C基金,在2020年四季度的季报第1大重股。该持仓股票当个季度的涨跌幅?请四舍五入保留百分比到小数点两位。",0.075,"基金债券持仓明细表-第N大重仓股, 基金可转债持仓明细表-第N大重仓股, 基金股票持仓明细表-第N大重仓股, 基金股票持仓明细表-基金简称, 基金股票持仓明细表-股票名称, 基金份额持有人结构表-报告类型, 基金份额持有人结构表-定期报告所属年度, 基金份额持有人结构表-个人投资者持有的基金份额占总份额比例, 基金份额持有人结构表-个人投资者持有的基金份额, 基金份额持有人结构表-机构投资者持有的基金份额占总份额比例"
145,我想知道股票300897在申万行业分类下的二级行业是什么？用最新的数据。,0.045,"A股公司行业划分表-二级行业名称, A股公司行业划分表-股票代码, A股公司行业划分表-行业划分标准, A股公司行业划分表-一级行业名称, 基金股票持仓明细表-股票代码, A股票日行情表-成交量(股), 基金可转债持仓明细表-对应股票代码, 基金份额持有人结构表-报告类型, 基金份额持有人结构表-定期报告所属年度, 基金份额持有人结构表-个人投资者持有的基金份额占总份额比例"
146,请帮我查询下股票代码为600977的股票在2019年内最高日收盘价是多少？,0.049,"A股票日行情表-最高价(元), 港股票日行情表-最高价(元), A股票日行情表-昨收盘(元), A股票日行情表-收盘价(元), 港股票日行情表-昨收盘(元), 港股票日行情表-股票代码, A股票日行情表-今开盘(元), A股票日行情表-股票代码, 基金份额持有人结构表-报告类型, 基金份额持有人结构表-定期报告所属年度"
147,我想知道东方阿尔法优势产业混合C基金，在2021年年度报告中，前10大重仓股中，有多少只股票在报告期内取得正收益。,0.066,"基金股票持仓明细表-第N大重仓股, 基金可转债持仓明细表-第N大重仓股, 基金债券持仓明细表-第N大重仓股, 基金股票持仓明细表-数量, 基金股票持仓明细表-基金简称, 基金份额持有人结构表-报告类型, 基金份额持有人结构表-定期报告所属年度, 基金份额持有人结构表-个人投资者持有的基金份额占总份额比例, 基金份额持有人结构表-个人投资者持有的基金份额, 基金份额持有人结构表-机构投资者持有的基金份额占总份额比例"
148,易方达基金管理有限公司2020年成立了多少基金?,0.043,"基金基本信息表-成立日期, 基金基本信息表-管理人, 基金份额持有人结构表-公告日期, 基金规模变动表-公告日期, 基金份额持有人结构表-定期报告所属年度, 基金规模变动表-报告期基金总申购份额, 基金份额持有人结构表-基金简称, 基金份额持有人结构表-报告类型, 基金份额持有人结构表-个人投资者持有的基金份额占总份额比例, 基金份额持有人结构表-个人投资者持有的基金份额"
149,20190723港股下跌的股票家数有多少家?,0.033,"港股票日行情表-股票代码, 港股票日行情表-交易日, 港股票日行情表-成交量(股), 港股票日行情表-昨收盘(元), 港股票日行情表-最低价(元), 港股票日行情表-今开盘(元), 港股票日行情表-成交金额(元), 港股票日行情表-收盘价(元), A股票日行情表-成交量(股), 基金份额持有人结构表-报告类型"
150,20210930日，一级行业为机械的股票的成交金额合计是多少？取整。,0.042,"A股票日行情表-成交金额(元), 港股票日行情表-成交金额(元), A股票日行情表-成交量(股), 港股票日行情表-成交量(股), A股公司行业划分表-交易日期, A股票日行情表-今开盘(元), A股票日行情表-收盘价(元), 基金份额持有人结构表-报告类型, 基金份额持有人结构表-定期报告所属年度, 基金份额持有人结构表-个人投资者持有的基金份额占总份额比例"
151,20210607日，一级行业为公用事业的股票的成交量合计是多少？取整。,0.04,"港股票日行情表-成交量(股), A股票日行情表-成交量(股), A股票日行情表-成交金额(元), 港股票日行情表-成交金额(元), A股公司行业划分表-股票代码, A股公司行业划分表-一级行业名称, A股公司行业划分表-交易日期, 基金份额持有人结构表-报告类型, 基金份额持有人结构表-定期报告所属年度, 基金份额持有人结构表-个人投资者持有的基金份额占总份额比例"
152,我想知道鹏扬景科混合A基金，在2020年半年度报告中，前10大重仓股中，有多少只股票在报告期内取得正收益。,0.069,"基金债券持仓明细表-第N大重仓股, 基金股票持仓明细表-第N大重仓股, 基金可转债持仓明细表-第N大重仓股, 基金债券持仓明细表-基金简称, 基金股票持仓明细表-报告类型, 基金份额持有人结构表-报告类型, 基金份额持有人结构表-定期报告所属年度, 基金份额持有人结构表-个人投资者持有的基金份额占总份额比例, 基金份额持有人结构表-个人投资者持有的基金份额, 基金份额持有人结构表-机构投资者持有的基金份额占总份额比例"
153,针对2020年的年度报告，有多少家基金的个人投资者持有份额占比不足80%?,0.05,"基金份额持有人结构表-个人投资者持有的基金份额占总份额比例, 基金份额持有人结构表-个人投资者持有的基金份额, 基金份额持有人结构表-机构投资者持有的基金份额占总份额比例, 基金份额持有人结构表-公告日期, 基金份额持有人结构表-机构投资者持有的基金份额, 基金份额持有人结构表-报告类型, 基金份额持有人结构表-定期报告所属年度, 基金份额持有人结构表-截止日期, 基金份额持有人结构表-基金简称, 基金份额持有人结构表-基金代码"
154,我想知道大成高新技术产业股票C基金，在2021年年度报告中，前10大重仓股中，有多少只股票在报告期内取得正收益。,0.069,"基金股票持仓明细表-第N大重仓股, 基金可转债持仓明细表-第N大重仓股, 基金债券持仓明细表-第N大重仓股, 基金股票持仓明细表-股票名称, 基金股票持仓明细表-数量, 基金份额持有人结构表-报告类型, 基金份额持有人结构表-定期报告所属年度, 基金份额持有人结构表-个人投资者持有的基金份额占总份额比例, 基金份额持有人结构表-个人投资者持有的基金份额, 基金份额持有人结构表-机构投资者持有的基金份额占总份额比例"
155,帮我查一下在2021年，代码为300238的A股股票今开盘高于昨收盘的天数？,0.05,"A股票日行情表-今开盘(元), A股票日行情表-股票代码, 基金股票持仓明细表-股票代码, A股票日行情表-昨收盘(元), 港股票日行情表-今开盘(元), A股票日行情表-交易日, A股票日行情表-最高价(元), A股票日行情表-收盘价(元), 基金份额持有人结构表-报告类型, 基金份额持有人结构表-定期报告所属年度"
156,20210121日，开盘价较上一交易日最高价高的股票有多少只？（如上一交易日没有某只股票，则不统计在内）,0.063,"A股票日行情表-最高价(元), A股票日行情表-今开盘(元), A股票日行情表-成交量(股), A股票日行情表-交易日, 港股票日行情表-最高价(元), 港股票日行情表-交易日, 港股票日行情表-成交量(股), 港股票日行情表-今开盘(元), 基金份额持有人结构表-报告类型, 基金份额持有人结构表-定期报告所属年度"
157,我想知道国寿安保国证创业板中盘精选88ETF基金，在2021年半年度报告中，前10大重仓股中，有多少只股票在报告期内取得正收益。,0.071,"基金债券持仓明细表-第N大重仓股, 基金可转债持仓明细表-第N大重仓股, 基金股票持仓明细表-第N大重仓股, 基金股票持仓明细表-基金简称, 基金基本信息表-基金简称, 基金份额持有人结构表-报告类型, 基金份额持有人结构表-定期报告所属年度, 基金份额持有人结构表-个人投资者持有的基金份额占总份额比例, 基金份额持有人结构表-个人投资者持有的基金份额, 基金份额持有人结构表-机构投资者持有的基金份额占总份额比例"
158,请帮我查询下股票代码为688010的股票在2019年内最高日收盘价是多少？,0.052,"A股票日行情表-最高价(元), 港股票日行情表-最高价(元), A股票日行情表-收盘价(元), A股票日行情表-昨收盘(元), A股票日行情表-交易日, 港股票日行情表-昨收盘(元), 港股票日行情表-交易日, 港股票日行情表-收盘价(元), 基金份额持有人结构表-报告类型, 基金份额持有人结构表-定期报告所属年度"
159,我想知道2021年的中期报告中，机构投资者持有的份额占比超过66%的基金有多少，并且他们总共持有了多少?记得帮我保留两位小数。,0.078,"基金份额持有人结构表-机构投资者持有的基金份额占总份额比例, 基金份额持有人结构表-机构投资者持有的基金份额, 基金份额持有人结构表-个人投资者持有的基金份额占总份额比例, 基金份额持有人结构表-个人投资者持有的基金份额, 基金规模变动表-报告期期末基金总份额, 基金份额持有人结构表-报告类型, 基金份额持有人结构表-定期报告所属年度, 基金份额持有人结构表-截止日期, 基金份额持有人结构表-公告日期, 基金份额持有人结构表-基金简称"
160,"请帮我查询下，在20200826，申万行业分类里一级行业为综合行业的所有股票里, 成交金额(元)最多的股票的代码是什么？成交金额是多少？",0.076,"A股票日行情表-成交金额(元), A股公司行业划分表-股票代码, 港股票日行情表-成交金额(元), A股票日行情表-成交量(股), 港股票日行情表-成交量(股), 基金股票持仓明细表-股票代码, A股公司行业划分表-交易日期, 基金份额持有人结构表-报告类型, 基金份额持有人结构表-定期报告所属年度, 基金份额持有人结构表-个人投资者持有的基金份额占总份额比例"
161,广发招财短债债券A基金在20190930且报告类型是季报的持债市值中，哪类债券市值最高？,0.056,"基金债券持仓明细表-持债市值, 基金债券持仓明细表-持债市值占基金资产净值比, 基金可转债持仓明细表-市值, 基金可转债持仓明细表-市值占基金资产净值比, 基金债券持仓明细表-第N大重仓股, 基金债券持仓明细表-债券名称, 基金债券持仓明细表-债券类型, 基金份额持有人结构表-报告类型, 基金份额持有人结构表-定期报告所属年度, 基金份额持有人结构表-个人投资者持有的基金份额占总份额比例"
162,我想知道浙江浙商证券资产管理有限公司在2019年成立了多少只管理费率小于0.8%的基金？,0.053,"基金基本信息表-管理费率, 基金基本信息表-管理人, 基金基本信息表-托管费率, 基金份额持有人结构表-公告日期, 基金份额持有人结构表-报告类型, 基金份额持有人结构表-定期报告所属年度, 基金份额持有人结构表-个人投资者持有的基金份额占总份额比例, 基金份额持有人结构表-个人投资者持有的基金份额, 基金份额持有人结构表-机构投资者持有的基金份额占总份额比例, 基金份额持有人结构表-机构投资者持有的基金份额"
163,我想知道2021年的中期报告中，机构投资者持有的份额占比超过15%的基金有多少，并且他们总共持有了多少?记得帮我保留两位小数。,0.071,"基金份额持有人结构表-机构投资者持有的基金份额占总份额比例, 基金份额持有人结构表-机构投资者持有的基金份额, 基金份额持有人结构表-个人投资者持有的基金份额占总份额比例, 基金份额持有人结构表-个人投资者持有的基金份额, 基金规模变动表-报告期期末基金总份额, 基金股票持仓明细表-数量, 基金份额持有人结构表-报告类型, 基金份额持有人结构表-定期报告所属年度, 基金份额持有人结构表-截止日期, 基金份额持有人结构表-公告日期"
164,创金合信鑫收益灵活配置混合E基金在20190930的季报里，前三大持仓占比的债券名称是什么?,0.054,"基金债券持仓明细表-第N大重仓股, 基金可转债持仓明细表-第N大重仓股, 基金债券持仓明细表-债券名称, 基金债券持仓明细表-基金简称, 基金债券持仓明细表-持债市值占基金资产净值比, 基金可转债持仓明细表-基金简称, 基金债券持仓明细表-债券类型, 基金份额持有人结构表-报告类型, 基金份额持有人结构表-定期报告所属年度, 基金份额持有人结构表-个人投资者持有的基金份额占总份额比例"
165,南方基金管理股份有限公司2019年成立了多少基金?,0.045,"基金基本信息表-成立日期, 基金基本信息表-管理人, 基金份额持有人结构表-公告日期, 基金份额持有人结构表-定期报告所属年度, 基金规模变动表-公告日期, 基金规模变动表-定期报告所属年度, 基金规模变动表-报告期期末基金总份额, 基金份额持有人结构表-报告类型, 基金份额持有人结构表-个人投资者持有的基金份额占总份额比例, 基金份额持有人结构表-个人投资者持有的基金份额"
166,请问股票代码为002641的股票在2021年内日成交量低于该股票当年平均日成交量的有多少个交易日？,0.055,"A股票日行情表-成交量(股), 港股票日行情表-成交量(股), A股票日行情表-交易日, 港股票日行情表-交易日, A股票日行情表-股票代码, A股票日行情表-成交金额(元), 基金股票持仓明细表-股票代码, 基金日行情表-交易日期, 基金份额持有人结构表-报告类型, 基金份额持有人结构表-定期报告所属年度"
167,请问股票代码为603679的股票在2021年内日成交量低于该股票当年平均日成交量的有多少个交易日？,0.052,"港股票日行情表-成交量(股), A股票日行情表-成交量(股), A股票日行情表-股票代码, A股票日行情表-交易日, 港股票日行情表-交易日, 基金日行情表-交易日期, A股票日行情表-成交金额(元), 基金份额持有人结构表-报告类型, 基金份额持有人结构表-定期报告所属年度, 基金份额持有人结构表-个人投资者持有的基金份额占总份额比例"
168,帮我查询在2020年12月31日，代码为008376的基金前20大重仓股票中属于中信二级畜牧业行业的平均市值是多少？小数点后保留不超过3位。,0.077,"基金股票持仓明细表-市值, 基金债券持仓明细表-第N大重仓股, 基金股票持仓明细表-股票代码, 基金可转债持仓明细表-第N大重仓股, 基金股票持仓明细表-第N大重仓股, 基金份额持有人结构表-报告类型, 基金份额持有人结构表-定期报告所属年度, 基金份额持有人结构表-个人投资者持有的基金份额占总份额比例, 基金份额持有人结构表-个人投资者持有的基金份额, 基金份额持有人结构表-机构投资者持有的基金份额占总份额比例"
169,"请帮我查询下在2020年, 睿远基金管理有限公司管理的债券型基金中，持有过可转换债券的基金有多少只？",0.059,"基金可转债持仓明细表-数量, 基金可转债持仓明细表-市值, 基金可转债持仓明细表-债券名称, 基金可转债持仓明细表-第N大重仓股, 基金可转债持仓明细表-所在证券市场, 基金份额持有人结构表-报告类型, 基金份额持有人结构表-定期报告所属年度, 基金份额持有人结构表-个人投资者持有的基金份额占总份额比例, 基金份额持有人结构表-个人投资者持有的基金份额, 基金份额持有人结构表-机构投资者持有的基金份额占总份额比例"
170,我想知道在20200331的季报里，中银证券价值精选灵活配置混合投资的股票分别是哪些申万一级行业？,0.059,"基金股票持仓明细表-报告类型, A股公司行业划分表-股票代码, A股公司行业划分表-二级行业名称, 基金债券持仓明细表-第N大重仓股, A股公司行业划分表-一级行业名称, 基金份额持有人结构表-报告类型, 基金份额持有人结构表-定期报告所属年度, 基金份额持有人结构表-个人投资者持有的基金份额占总份额比例, 基金份额持有人结构表-个人投资者持有的基金份额, 基金份额持有人结构表-机构投资者持有的基金份额占总份额比例"
171,请查询：在20201216，属于申万二级房屋建设行业的A股股票，它们的平均成交金额是多少？小数点后保留不超过5位。,0.067,"A股票日行情表-成交金额(元), A股票日行情表-成交量(股), A股公司行业划分表-二级行业名称, 港股票日行情表-成交量(股), 港股票日行情表-成交金额(元), A股公司行业划分表-股票代码, A股公司行业划分表-一级行业名称, 基金份额持有人结构表-报告类型, 基金份额持有人结构表-定期报告所属年度, 基金份额持有人结构表-个人投资者持有的基金份额占总份额比例"
172,"请查询：2021年12月年报(含半年报),持有17扬城建MTN001且是前10大重仓股的基金有几个？",0.056,"基金债券持仓明细表-第N大重仓股, 基金可转债持仓明细表-第N大重仓股, 基金股票持仓明细表-第N大重仓股, 基金股票持仓明细表-报告类型, 基金股票持仓明细表-数量, 基金份额持有人结构表-报告类型, 基金份额持有人结构表-定期报告所属年度, 基金份额持有人结构表-个人投资者持有的基金份额占总份额比例, 基金份额持有人结构表-个人投资者持有的基金份额, 基金份额持有人结构表-机构投资者持有的基金份额占总份额比例"
173,查询下基金代码009407的基金，它的托管人是？,0.038,"基金基本信息表-托管人, 基金基本信息表-管理人, 基金股票持仓明细表-基金代码, 基金债券持仓明细表-基金代码, 基金可转债持仓明细表-基金代码, 基金日行情表-基金代码, 基金份额持有人结构表-基金代码, 基金基本信息表-基金代码, 基金份额持有人结构表-报告类型, 基金份额持有人结构表-定期报告所属年度"
174,易方达恒盛3个月定期开放混合基金在20200331的季报里，前三大持仓占比的债券名称是什么?,0.054,"基金债券持仓明细表-第N大重仓股, 基金可转债持仓明细表-第N大重仓股, 基金债券持仓明细表-债券名称, 基金债券持仓明细表-持债市值占基金资产净值比, 基金可转债持仓明细表-基金简称, 基金可转债持仓明细表-债券名称, 基金债券持仓明细表-持债市值, 基金份额持有人结构表-报告类型, 基金份额持有人结构表-定期报告所属年度, 基金份额持有人结构表-个人投资者持有的基金份额占总份额比例"
175,请帮我计算，在20210719，中信行业分类划分的一级行业为消费者服务行业中，涨跌幅最大股票的股票代码是？涨跌幅是多少？百分数保留两位小数。股票涨跌幅定义为：（收盘价 - 前一日收盘价 / 前一日收盘价）* 100%。,0.117,"A股公司行业划分表-股票代码, A股票日行情表-股票代码, A股票日行情表-成交量(股), A股公司行业划分表-一级行业名称, A股票日行情表-最高价(元), 港股票日行情表-股票代码, 港股票日行情表-成交量(股), 基金份额持有人结构表-报告类型, 基金份额持有人结构表-定期报告所属年度, 基金份额持有人结构表-个人投资者持有的基金份额占总份额比例"
176,"帮我算一下在20190408,代码为00326的港股日价格振幅是多少，小数点后保留不超过3位。",0.052,"港股票日行情表-今开盘(元), 港股票日行情表-昨收盘(元), 港股票日行情表-收盘价(元), 港股票日行情表-成交量(股), 港股票日行情表-成交金额(元), 港股票日行情表-交易日, 港股票日行情表-最高价(元), 港股票日行情表-最低价(元), 基金份额持有人结构表-报告类型, 基金份额持有人结构表-定期报告所属年度"
177,20201211港股下跌的股票家数有多少家?,0.043,"港股票日行情表-交易日, 港股票日行情表-成交量(股), 港股票日行情表-股票代码, 港股票日行情表-最低价(元), 港股票日行情表-成交金额(元), 港股票日行情表-昨收盘(元), 港股票日行情表-今开盘(元), 港股票日行情表-收盘价(元), 基金份额持有人结构表-报告类型, 基金份额持有人结构表-定期报告所属年度"
178,帮我查一下诺德短债债券C基金在20200331的资产净值和单位净值是多少?,0.042,"基金日行情表-资产净值, 基金可转债持仓明细表-基金简称, 基金债券持仓明细表-持债市值占基金资产净值比, 基金可转债持仓明细表-市值占基金资产净值比, 基金日行情表-单位净值, 基金规模变动表-基金简称, 基金债券持仓明细表-基金简称, 基金份额持有人结构表-报告类型, 基金份额持有人结构表-定期报告所属年度, 基金份额持有人结构表-个人投资者持有的基金份额占总份额比例"
179,广发聚荣一年持有期混合C基金在20211231的季报里，前三大持仓占比的债券名称是什么?,0.054,"基金债券持仓明细表-第N大重仓股, 基金可转债持仓明细表-第N大重仓股, 基金债券持仓明细表-持债市值占基金资产净值比, 基金债券持仓明细表-债券名称, 基金可转债持仓明细表-基金简称, 基金债券持仓明细表-持债市值, 基金可转债持仓明细表-债券名称, 基金份额持有人结构表-报告类型, 基金份额持有人结构表-定期报告所属年度, 基金份额持有人结构表-个人投资者持有的基金份额占总份额比例"
180,请问2019年二季度有多少家基金是净申购?它们的净申购份额加起来是多少?请四舍五入保留小数点两位。,0.061,"基金规模变动表-报告期基金总申购份额, 基金规模变动表-报告期基金总赎回份额, 基金规模变动表-报告期期末基金总份额, 基金规模变动表-报告期期初基金总份额, 基金份额持有人结构表-个人投资者持有的基金份额, 基金份额持有人结构表-报告类型, 基金份额持有人结构表-定期报告所属年度, 基金份额持有人结构表-个人投资者持有的基金份额占总份额比例, 基金份额持有人结构表-机构投资者持有的基金份额占总份额比例, 基金份额持有人结构表-机构投资者持有的基金份额"
181,"我想了解平安估值精选混合C基金,在2020年三季度的季报第5大重股。该持仓股票当个季度的涨跌幅?请四舍五入保留百分比到小数点两位。",0.08,"基金可转债持仓明细表-第N大重仓股, 基金债券持仓明细表-第N大重仓股, 基金股票持仓明细表-第N大重仓股, 基金股票持仓明细表-基金简称, 基金股票持仓明细表-股票名称, 基金股票持仓明细表-市值占基金资产净值比, 基金份额持有人结构表-报告类型, 基金份额持有人结构表-定期报告所属年度, 基金份额持有人结构表-个人投资者持有的基金份额占总份额比例, 基金份额持有人结构表-个人投资者持有的基金份额"
182,我想知道在20211231的季报里，中信保诚红利精选混合C投资的股票分别是哪些申万一级行业？,0.057,"A股公司行业划分表-行业划分标准, A股公司行业划分表-股票代码, A股公司行业划分表-一级行业名称, 基金股票持仓明细表-报告类型, A股公司行业划分表-二级行业名称, 基金份额持有人结构表-报告类型, 基金份额持有人结构表-定期报告所属年度, 基金份额持有人结构表-个人投资者持有的基金份额占总份额比例, 基金份额持有人结构表-个人投资者持有的基金份额, 基金份额持有人结构表-机构投资者持有的基金份额占总份额比例"
183,2021年二季度，有多少家基金发生了净赎回?总共赎回了多少份额?记得给我四舍五入到小数点后两位哦。,0.059,"基金规模变动表-报告期基金总赎回份额, 基金规模变动表-报告期期末基金总份额, 基金日行情表-单位净值, 基金规模变动表-报告期基金总申购份额, 基金日行情表-复权单位净值, 基金份额持有人结构表-报告类型, 基金份额持有人结构表-定期报告所属年度, 基金份额持有人结构表-个人投资者持有的基金份额占总份额比例, 基金份额持有人结构表-个人投资者持有的基金份额, 基金份额持有人结构表-机构投资者持有的基金份额占总份额比例"
184,在2021年12月年报(含半年报)中，宝盈龙头优选股票A基金持有市值最多的前10只股票中，所在证券市场是上海证券交易所的有几个？,0.068,"基金股票持仓明细表-所在证券市场, 基金股票持仓明细表-市值, 基金可转债持仓明细表-所在证券市场, 基金股票持仓明细表-第N大重仓股, 基金债券持仓明细表-第N大重仓股, 基金股票持仓明细表-股票代码, 基金份额持有人结构表-报告类型, 基金份额持有人结构表-定期报告所属年度, 基金份额持有人结构表-个人投资者持有的基金份额占总份额比例, 基金份额持有人结构表-个人投资者持有的基金份额"
185,请查询在20200623日期，中信行业分类下汽车一级行业中，当日收盘价波动最大（即最高价与最低价之差最大）的股票代码是什么？,0.07,"A股公司行业划分表-股票代码, A股票日行情表-股票代码, A股票日行情表-成交量(股), A股票日行情表-最高价(元), A股票日行情表-最低价(元), A股票日行情表-收盘价(元), 基金股票持仓明细表-股票代码, 基金份额持有人结构表-报告类型, 基金份额持有人结构表-定期报告所属年度, 基金份额持有人结构表-个人投资者持有的基金份额占总份额比例"
186,我想知道海富通基金管理有限公司在2020年成立了多少只管理费率小于0.8%的基金？,0.052,"基金基本信息表-管理人, 基金基本信息表-管理费率, 基金基本信息表-托管费率, 基金份额持有人结构表-公告日期, 基金日行情表-资产净值, 基金基本信息表-托管人, 基金份额持有人结构表-报告类型, 基金份额持有人结构表-定期报告所属年度, 基金份额持有人结构表-个人投资者持有的基金份额占总份额比例, 基金份额持有人结构表-个人投资者持有的基金份额"
187,在2020年12月30日，使用中信行业分类标准，股票代码002319是属于哪个一级行业的?,0.052,"A股公司行业划分表-行业划分标准, A股公司行业划分表-一级行业名称, A股公司行业划分表-二级行业名称, A股公司行业划分表-股票代码, A股公司行业划分表-交易日期, A股票日行情表-股票代码, 基金股票持仓明细表-股票代码, 基金股票持仓明细表-所属国家(地区), 基金份额持有人结构表-报告类型, 基金份额持有人结构表-定期报告所属年度"
188,请问在休闲服务行业，20190119行业的A股公司有多少?,0.051,"A股公司行业划分表-股票代码, A股公司行业划分表-一级行业名称, A股公司行业划分表-二级行业名称, A股公司行业划分表-交易日期, A股公司行业划分表-行业划分标准, A股票日行情表-成交量(股), 基金份额持有人结构表-报告类型, 基金份额持有人结构表-定期报告所属年度, 基金份额持有人结构表-个人投资者持有的基金份额占总份额比例, 基金份额持有人结构表-个人投资者持有的基金份额"
189,股票688200在20200227日期中的收盘价是多少?（小数点保留3位）,0.05,"A股票日行情表-收盘价(元), A股票日行情表-昨收盘(元), 港股票日行情表-昨收盘(元), A股票日行情表-今开盘(元), 港股票日行情表-收盘价(元), A股票日行情表-成交量(股), 港股票日行情表-今开盘(元), A股票日行情表-最高价(元), 基金份额持有人结构表-报告类型, 基金份额持有人结构表-定期报告所属年度"
190,2020年三季度，有多少家基金发生了净赎回?总共赎回了多少份额?记得给我四舍五入到小数点后两位哦。,0.056,"基金规模变动表-报告期基金总赎回份额, 基金规模变动表-报告期期末基金总份额, 基金规模变动表-报告期基金总申购份额, 基金规模变动表-报告期期初基金总份额, 基金份额持有人结构表-报告类型, 基金份额持有人结构表-定期报告所属年度, 基金份额持有人结构表-个人投资者持有的基金份额占总份额比例, 基金份额持有人结构表-个人投资者持有的基金份额, 基金份额持有人结构表-机构投资者持有的基金份额占总份额比例, 基金份额持有人结构表-机构投资者持有的基金份额"
191,在2019年12月季报中，持有中国移动这一股票且市值占基金资产净值比不小于5%的有几只基金？,0.052,"基金股票持仓明细表-市值占基金资产净值比, 基金股票持仓明细表-市值, 基金规模变动表-报告期期末基金总份额, 基金可转债持仓明细表-市值占基金资产净值比, 基金股票持仓明细表-数量, 基金份额持有人结构表-报告类型, 基金份额持有人结构表-定期报告所属年度, 基金份额持有人结构表-个人投资者持有的基金份额占总份额比例, 基金份额持有人结构表-个人投资者持有的基金份额, 基金份额持有人结构表-机构投资者持有的基金份额占总份额比例"
192,帮我查一下南方景气驱动混合A基金在20211213的资产净值和单位净值是多少?,0.05,"基金日行情表-资产净值, 基金日行情表-单位净值, 基金日行情表-复权单位净值, 基金可转债持仓明细表-市值占基金资产净值比, 基金日行情表-累计单位净值, 基金股票持仓明细表-市值, 基金份额持有人结构表-报告类型, 基金份额持有人结构表-定期报告所属年度, 基金份额持有人结构表-个人投资者持有的基金份额占总份额比例, 基金份额持有人结构表-个人投资者持有的基金份额"
193,2020年中期报告里，国泰基金管理有限公司管理的基金中，机构投资者持有份额比个人投资者多的基金有多少只?,0.065,"基金份额持有人结构表-机构投资者持有的基金份额占总份额比例, 基金份额持有人结构表-机构投资者持有的基金份额, 基金份额持有人结构表-个人投资者持有的基金份额占总份额比例, 基金份额持有人结构表-个人投资者持有的基金份额, 基金份额持有人结构表-公告日期, 基金规模变动表-报告期期末基金总份额, 基金份额持有人结构表-报告类型, 基金份额持有人结构表-定期报告所属年度, 基金份额持有人结构表-截止日期, 基金份额持有人结构表-基金简称"
194,我想知道申万菱信量化对冲策略灵活配置混合基金在20211231的年报(含半年报)中，其可转债持仓占比最大的是哪个行业？用中信一级行业来统计。,0.083,"基金可转债持仓明细表-第N大重仓股, 基金可转债持仓明细表-市值占基金资产净值比, 基金可转债持仓明细表-市值, 基金可转债持仓明细表-数量, 基金可转债持仓明细表-基金简称, 基金可转债持仓明细表-所在证券市场, 基金债券持仓明细表-第N大重仓股, 基金份额持有人结构表-报告类型, 基金份额持有人结构表-定期报告所属年度, 基金份额持有人结构表-个人投资者持有的基金份额占总份额比例"
195,"请帮我查询下在2021年, 嘉实基金管理有限公司管理的债券型基金中，持有过可交换公司债券的基金有多少只？",0.066,"基金可转债持仓明细表-数量, 基金债券持仓明细表-债券名称, 基金债券持仓明细表-持债数量, 基金可转债持仓明细表-所在证券市场, 基金可转债持仓明细表-第N大重仓股, 基金可转债持仓明细表-市值, 基金份额持有人结构表-报告类型, 基金份额持有人结构表-定期报告所属年度, 基金份额持有人结构表-个人投资者持有的基金份额占总份额比例, 基金份额持有人结构表-个人投资者持有的基金份额"
196,我想知道海富通安益对冲策略灵活配置混合C基金在20211231的年报(含半年报)中，其可转债持仓占比最大的是哪个行业？用中信一级行业来统计。,0.076,"基金可转债持仓明细表-第N大重仓股, 基金可转债持仓明细表-基金简称, 基金可转债持仓明细表-市值占基金资产净值比, 基金可转债持仓明细表-市值, 基金债券持仓明细表-第N大重仓股, 基金可转债持仓明细表-所在证券市场, 基金份额持有人结构表-报告类型, 基金份额持有人结构表-定期报告所属年度, 基金份额持有人结构表-个人投资者持有的基金份额占总份额比例, 基金份额持有人结构表-个人投资者持有的基金份额"
197,我想知道国泰民福策略价值灵活配置混合A基金在20200630的年报(含半年报)中，其可转债持仓占比最大的是哪个行业？用中信一级行业来统计。,0.075,"基金可转债持仓明细表-第N大重仓股, 基金可转债持仓明细表-市值, 基金可转债持仓明细表-市值占基金资产净值比, 基金可转债持仓明细表-所在证券市场, 基金可转债持仓明细表-持仓日期, 基金份额持有人结构表-报告类型, 基金份额持有人结构表-定期报告所属年度, 基金份额持有人结构表-个人投资者持有的基金份额占总份额比例, 基金份额持有人结构表-个人投资者持有的基金份额, 基金份额持有人结构表-机构投资者持有的基金份额占总份额比例"
198,请问在钢铁行业，20190223行业的A股公司有多少?,0.042,"A股公司行业划分表-股票代码, A股公司行业划分表-二级行业名称, A股公司行业划分表-一级行业名称, A股公司行业划分表-行业划分标准, A股票日行情表-成交量(股), A股公司行业划分表-交易日期, A股票日行情表-股票代码, 基金股票持仓明细表-股票代码, 基金份额持有人结构表-报告类型, 基金份额持有人结构表-定期报告所属年度"
199,"请帮我查询在2019年,北信瑞丰基金管理有限公司成立哪种类型的基金个数最多?",0.052,"基金基本信息表-成立日期, 基金基本信息表-基金类型, 基金股票持仓明细表-报告类型, 基金份额持有人结构表-公告日期, 基金基本信息表-管理人, 基金份额持有人结构表-定期报告所属年度, 基金份额持有人结构表-报告类型, 基金份额持有人结构表-个人投资者持有的基金份额占总份额比例, 基金份额持有人结构表-个人投资者持有的基金份额, 基金份额持有人结构表-机构投资者持有的基金份额占总份额比例"
200,20210407日，请给出申万菱信安泰瑞利中短债债券C基金的管理人和累计单位净值。,0.056,"基金日行情表-资产净值, 基金可转债持仓明细表-基金简称, 基金规模变动表-基金简称, 基金基本信息表-基金简称, 基金日行情表-累计单位净值, 基金债券持仓明细表-基金简称, 基金基本信息表-管理人, 基金债券持仓明细表-持债市值, 基金份额持有人结构表-报告类型, 基金份额持有人结构表-定期报告所属年度"
201,我想知道股票688266在申万行业分类下的二级行业是什么？用最新的数据。,0.052,"A股公司行业划分表-二级行业名称, A股公司行业划分表-股票代码, A股公司行业划分表-行业划分标准, A股公司行业划分表-一级行业名称, 基金股票持仓明细表-股票代码, 基金可转债持仓明细表-对应股票代码, A股票日行情表-成交量(股), A股公司行业划分表-交易日期, 基金份额持有人结构表-报告类型, 基金份额持有人结构表-定期报告所属年度"
202,我想知道银华科技创新混合基金，在2021年年度报告中，前10大重仓股中，有多少只股票在报告期内取得正收益。,0.071,"基金股票持仓明细表-第N大重仓股, 基金可转债持仓明细表-第N大重仓股, 基金债券持仓明细表-第N大重仓股, 基金股票持仓明细表-持仓日期, 基金股票持仓明细表-数量, 基金份额持有人结构表-报告类型, 基金份额持有人结构表-定期报告所属年度, 基金份额持有人结构表-个人投资者持有的基金份额占总份额比例, 基金份额持有人结构表-个人投资者持有的基金份额, 基金份额持有人结构表-机构投资者持有的基金份额占总份额比例"
203,"假设股票日收益率计算公式为：日收益率 = （当日收盘价-昨收盘价）/昨收盘价。请帮我找到在2019年，申万行业分类行业划分标准,房地产一级行业中, 代码为多少的股票的日均收益率最高？",0.097,"A股公司行业划分表-股票代码, A股票日行情表-收盘价(元), A股票日行情表-股票代码, A股票日行情表-昨收盘(元), A股公司行业划分表-交易日期, 基金份额持有人结构表-报告类型, 基金份额持有人结构表-定期报告所属年度, 基金份额持有人结构表-个人投资者持有的基金份额占总份额比例, 基金份额持有人结构表-个人投资者持有的基金份额, 基金份额持有人结构表-机构投资者持有的基金份额占总份额比例"
204,"我想了解长信沪深300指数增强A基金,在2019年一季度的季报第3大重股。该持仓股票当个季度的涨跌幅?请四舍五入保留百分比到小数点两位。",0.078,"基金可转债持仓明细表-第N大重仓股, 基金债券持仓明细表-第N大重仓股, 基金股票持仓明细表-第N大重仓股, 基金股票持仓明细表-基金简称, 基金股票持仓明细表-股票名称, 基金份额持有人结构表-报告类型, 基金份额持有人结构表-定期报告所属年度, 基金份额持有人结构表-个人投资者持有的基金份额占总份额比例, 基金份额持有人结构表-个人投资者持有的基金份额, 基金份额持有人结构表-机构投资者持有的基金份额占总份额比例"
205,我想知道股票601615在申万行业分类下的二级行业是什么？用最新的数据。,0.043,"A股公司行业划分表-二级行业名称, A股公司行业划分表-股票代码, A股公司行业划分表-行业划分标准, A股公司行业划分表-一级行业名称, A股票日行情表-股票代码, A股公司行业划分表-交易日期, 基金股票持仓明细表-股票代码, 基金份额持有人结构表-报告类型, 基金份额持有人结构表-定期报告所属年度, 基金份额持有人结构表-个人投资者持有的基金份额占总份额比例"
206,我想知道股票300066在申万行业分类下的二级行业是什么？用最新的数据。,0.044,"A股公司行业划分表-二级行业名称, A股公司行业划分表-股票代码, A股公司行业划分表-行业划分标准, A股公司行业划分表-一级行业名称, 基金股票持仓明细表-股票代码, A股票日行情表-股票代码, 基金可转债持仓明细表-对应股票代码, 基金份额持有人结构表-报告类型, 基金份额持有人结构表-定期报告所属年度, 基金份额持有人结构表-个人投资者持有的基金份额占总份额比例"
207,我想知道2019年的中期报告中，机构投资者持有的份额占比超过75%的基金有多少，并且他们总共持有了多少?记得帮我保留两位小数。,0.075,"基金份额持有人结构表-机构投资者持有的基金份额占总份额比例, 基金份额持有人结构表-机构投资者持有的基金份额, 基金份额持有人结构表-个人投资者持有的基金份额占总份额比例, 基金份额持有人结构表-个人投资者持有的基金份额, 基金规模变动表-报告期期末基金总份额, 基金股票持仓明细表-数量, 基金份额持有人结构表-公告日期, 基金份额持有人结构表-报告类型, 基金份额持有人结构表-定期报告所属年度, 基金份额持有人结构表-截止日期"
208,在2020年12月年报(含半年报)中，宝盈祥裕增强回报混合C基金持有市值最多的前10只股票中，所在证券市场是上海证券交易所的有几个？,0.082,"基金股票持仓明细表-所在证券市场, 基金债券持仓明细表-第N大重仓股, 基金股票持仓明细表-市值, 基金可转债持仓明细表-第N大重仓股, 基金股票持仓明细表-第N大重仓股, 基金份额持有人结构表-报告类型, 基金份额持有人结构表-定期报告所属年度, 基金份额持有人结构表-个人投资者持有的基金份额占总份额比例, 基金份额持有人结构表-个人投资者持有的基金份额, 基金份额持有人结构表-机构投资者持有的基金份额占总份额比例"
209,在2021年12月年报(含半年报)中，博时鑫荣稳健混合C基金持有市值最多的前10只股票中，所在证券市场是上海证券交易所的有几个？,0.078,"基金股票持仓明细表-所在证券市场, 基金股票持仓明细表-市值, 基金可转债持仓明细表-所在证券市场, 基金债券持仓明细表-第N大重仓股, 基金股票持仓明细表-基金简称, 基金份额持有人结构表-报告类型, 基金份额持有人结构表-定期报告所属年度, 基金份额持有人结构表-个人投资者持有的基金份额占总份额比例, 基金份额持有人结构表-个人投资者持有的基金份额, 基金份额持有人结构表-机构投资者持有的基金份额占总份额比例"
210,2020年二季度，有多少家基金发生了净赎回?总共赎回了多少份额?记得给我四舍五入到小数点后两位哦。,0.057,"基金规模变动表-报告期基金总赎回份额, 基金规模变动表-报告期基金总申购份额, 基金规模变动表-报告期期末基金总份额, 基金日行情表-单位净值, 基金规模变动表-报告期期初基金总份额, 基金份额持有人结构表-报告类型, 基金份额持有人结构表-定期报告所属年度, 基金份额持有人结构表-个人投资者持有的基金份额占总份额比例, 基金份额持有人结构表-个人投资者持有的基金份额, 基金份额持有人结构表-机构投资者持有的基金份额占总份额比例"
211,请问股票代码为002158的股票在2021年内日成交量低于该股票当年平均日成交量的有多少个交易日？,0.057,"A股票日行情表-成交量(股), 港股票日行情表-成交量(股), A股票日行情表-交易日, 港股票日行情表-交易日, A股票日行情表-股票代码, 基金股票持仓明细表-股票代码, 基金日行情表-交易日期, A股票日行情表-成交金额(元), 基金份额持有人结构表-报告类型, 基金份额持有人结构表-定期报告所属年度"
212,查询下基金代码167507的基金，它的基金类型是？,0.041,"基金基本信息表-基金类型, 基金股票持仓明细表-基金代码, 基金债券持仓明细表-基金代码, 基金可转债持仓明细表-基金代码, 基金规模变动表-基金代码, 基金日行情表-基金代码, 基金基本信息表-基金代码, 基金份额持有人结构表-报告类型, 基金份额持有人结构表-定期报告所属年度, 基金份额持有人结构表-个人投资者持有的基金份额占总份额比例"
213,在2019年报中，汇添富中证长三角一体化发展主题ETF联接A基金第八大重仓股的代码和股票名称是什么？,0.05,"基金债券持仓明细表-第N大重仓股, 基金股票持仓明细表-第N大重仓股, 基金可转债持仓明细表-第N大重仓股, 基金股票持仓明细表-股票名称, 基金股票持仓明细表-股票代码, 基金股票持仓明细表-所在证券市场, A股公司行业划分表-股票代码, 基金可转债持仓明细表-对应股票代码, 基金份额持有人结构表-报告类型, 基金份额持有人结构表-定期报告所属年度"
214,在2019年报中，东方红睿华沪港深灵活配置混合(LOF)A基金第六大重仓股的代码和股票名称是什么？,0.061,"基金股票持仓明细表-第N大重仓股, 基金债券持仓明细表-第N大重仓股, 基金可转债持仓明细表-第N大重仓股, 基金股票持仓明细表-股票代码, 基金股票持仓明细表-所在证券市场, 基金股票持仓明细表-股票名称, 基金份额持有人结构表-报告类型, 基金份额持有人结构表-定期报告所属年度, 基金份额持有人结构表-个人投资者持有的基金份额占总份额比例, 基金份额持有人结构表-个人投资者持有的基金份额"
215,请查询：在20210611，属于申万二级一般零售行业的A股股票，它们的平均成交金额是多少？小数点后保留不超过5位。,0.075,"A股票日行情表-成交金额(元), 港股票日行情表-成交金额(元), 港股票日行情表-成交量(股), A股票日行情表-成交量(股), A股公司行业划分表-股票代码, 基金份额持有人结构表-报告类型, 基金份额持有人结构表-定期报告所属年度, 基金份额持有人结构表-个人投资者持有的基金份额占总份额比例, 基金份额持有人结构表-个人投资者持有的基金份额, 基金份额持有人结构表-机构投资者持有的基金份额占总份额比例"
216,请问股票代码为002771的股票在2021年内日成交量低于该股票当年平均日成交量的有多少个交易日？,0.057,"A股票日行情表-成交量(股), 港股票日行情表-成交量(股), A股票日行情表-交易日, 港股票日行情表-交易日, 基金股票持仓明细表-股票代码, A股票日行情表-股票代码, A股票日行情表-成交金额(元), 基金日行情表-交易日期, 基金份额持有人结构表-报告类型, 基金份额持有人结构表-定期报告所属年度"
217,"帮我算一下在20190114,代码为00080的港股日价格振幅是多少，小数点后保留不超过3位。",0.053,"港股票日行情表-今开盘(元), 港股票日行情表-昨收盘(元), 港股票日行情表-收盘价(元), 港股票日行情表-成交量(股), 港股票日行情表-成交金额(元), 港股票日行情表-交易日, 港股票日行情表-最高价(元), 港股票日行情表-最低价(元), 基金份额持有人结构表-报告类型, 基金份额持有人结构表-定期报告所属年度"
218,"帮我算一下在20201222,代码为02198的港股日价格振幅是多少，小数点后保留不超过3位。",0.049,"港股票日行情表-今开盘(元), 港股票日行情表-昨收盘(元), 港股票日行情表-收盘价(元), 港股票日行情表-成交量(股), 港股票日行情表-成交金额(元), 港股票日行情表-交易日, 港股票日行情表-最高价(元), 港股票日行情表-股票代码, 基金份额持有人结构表-报告类型, 基金份额持有人结构表-定期报告所属年度"
219,在2021年报中，平安安享灵活配置混合C基金第八大重仓股的代码和股票名称是什么？,0.054,"基金股票持仓明细表-第N大重仓股, 基金债券持仓明细表-第N大重仓股, 基金可转债持仓明细表-第N大重仓股, 基金股票持仓明细表-股票名称, 基金股票持仓明细表-股票代码, 基金股票持仓明细表-基金简称, 基金份额持有人结构表-报告类型, 基金份额持有人结构表-定期报告所属年度, 基金份额持有人结构表-个人投资者持有的基金份额占总份额比例, 基金份额持有人结构表-个人投资者持有的基金份额"
220,股票600757在20200915日期中的收盘价是多少?（小数点保留3位）,0.045,"A股票日行情表-收盘价(元), A股票日行情表-昨收盘(元), A股票日行情表-今开盘(元), A股票日行情表-股票代码, 港股票日行情表-昨收盘(元), A股票日行情表-成交量(股), 港股票日行情表-今开盘(元), 基金股票持仓明细表-股票代码, 基金份额持有人结构表-报告类型, 基金份额持有人结构表-定期报告所属年度"
221,请帮我计算，在20190312，中信行业分类划分的一级行业为消费者服务行业中，涨跌幅最大股票的股票代码是？涨跌幅是多少？百分数保留两位小数。股票涨跌幅定义为：（收盘价 - 前一日收盘价 / 前一日收盘价）* 100%。,0.113,"A股公司行业划分表-股票代码, A股票日行情表-成交量(股), A股票日行情表-股票代码, A股公司行业划分表-一级行业名称, A股票日行情表-最高价(元), 港股票日行情表-股票代码, 港股票日行情表-成交量(股), 基金份额持有人结构表-报告类型, 基金份额持有人结构表-定期报告所属年度, 基金份额持有人结构表-个人投资者持有的基金份额占总份额比例"
222,我想知道股票600887在申万行业分类下的二级行业是什么？用最新的数据。,0.047,"A股公司行业划分表-二级行业名称, A股公司行业划分表-股票代码, A股公司行业划分表-行业划分标准, A股公司行业划分表-一级行业名称, A股票日行情表-股票代码, 基金股票持仓明细表-股票代码, 基金可转债持仓明细表-对应股票代码, A股票日行情表-成交量(股), 基金份额持有人结构表-报告类型, 基金份额持有人结构表-定期报告所属年度"
223,招商基金管理有限公司管理的其他型产品的数量有多少?,0.045,"基金基本信息表-管理人, 基金股票持仓明细表-数量, 基金基本信息表-基金类型, 基金可转债持仓明细表-数量, 基金规模变动表-报告期期末基金总份额, 基金规模变动表-报告期基金总申购份额, 基金份额持有人结构表-报告类型, 基金份额持有人结构表-定期报告所属年度, 基金份额持有人结构表-个人投资者持有的基金份额占总份额比例, 基金份额持有人结构表-个人投资者持有的基金份额"
224,"帮我算一下在20190502,代码为00292的港股日价格振幅是多少，小数点后保留不超过3位。",0.054,"港股票日行情表-今开盘(元), 港股票日行情表-昨收盘(元), 港股票日行情表-收盘价(元), 港股票日行情表-交易日, 港股票日行情表-成交量(股), 港股票日行情表-成交金额(元), 港股票日行情表-股票代码, 港股票日行情表-最高价(元), 基金份额持有人结构表-报告类型, 基金份额持有人结构表-定期报告所属年度"
225,我想知道股票300555在申万行业分类下的二级行业是什么？用最新的数据。,0.047,"A股公司行业划分表-二级行业名称, A股公司行业划分表-股票代码, A股公司行业划分表-行业划分标准, A股公司行业划分表-一级行业名称, 基金股票持仓明细表-股票代码, 基金可转债持仓明细表-对应股票代码, A股票日行情表-股票代码, 基金股票持仓明细表-股票名称, 基金份额持有人结构表-报告类型, 基金份额持有人结构表-定期报告所属年度"
226,"我想了解红土创新稳健混合C基金,在2020年二季度的季报第1大重股。该持仓股票当个季度的涨跌幅?请四舍五入保留百分比到小数点两位。",0.079,"基金可转债持仓明细表-第N大重仓股, 基金债券持仓明细表-第N大重仓股, 基金股票持仓明细表-第N大重仓股, 基金股票持仓明细表-基金简称, 基金股票持仓明细表-市值占基金资产净值比, 基金份额持有人结构表-报告类型, 基金份额持有人结构表-定期报告所属年度, 基金份额持有人结构表-个人投资者持有的基金份额占总份额比例, 基金份额持有人结构表-个人投资者持有的基金份额, 基金份额持有人结构表-机构投资者持有的基金份额占总份额比例"
227,在2020年2月25日，使用中信行业分类标准，股票代码688012是属于哪个一级行业的?,0.051,"A股公司行业划分表-二级行业名称, A股公司行业划分表-行业划分标准, A股公司行业划分表-股票代码, A股公司行业划分表-一级行业名称, A股公司行业划分表-交易日期, A股票日行情表-股票代码, 基金股票持仓明细表-股票代码, 港股票日行情表-股票代码, A股票日行情表-成交量(股), 基金份额持有人结构表-报告类型"
228,我想知道2021年的年度报告中，机构投资者持有的份额占比超过30%的基金有多少，并且他们总共持有了多少?记得帮我保留两位小数。,0.07,"基金份额持有人结构表-机构投资者持有的基金份额占总份额比例, 基金份额持有人结构表-机构投资者持有的基金份额, 基金份额持有人结构表-个人投资者持有的基金份额占总份额比例, 基金份额持有人结构表-个人投资者持有的基金份额, 基金规模变动表-报告期期末基金总份额, 基金股票持仓明细表-数量, 基金份额持有人结构表-定期报告所属年度, 基金股票持仓明细表-持仓日期, 基金份额持有人结构表-报告类型, 基金份额持有人结构表-截止日期"
229,我想知道国泰金鹿混合在2020年Q1的季报中，该基金的第2大重仓股的代码是什么?,0.055,"基金股票持仓明细表-第N大重仓股, 基金债券持仓明细表-第N大重仓股, 基金可转债持仓明细表-第N大重仓股, 基金股票持仓明细表-股票代码, 基金股票持仓明细表-基金代码, 基金份额持有人结构表-报告类型, 基金份额持有人结构表-定期报告所属年度, 基金份额持有人结构表-个人投资者持有的基金份额占总份额比例, 基金份额持有人结构表-个人投资者持有的基金份额, 基金份额持有人结构表-机构投资者持有的基金份额占总份额比例"
230,"请帮我查询在2019年,富荣基金管理有限公司成立哪种类型的基金个数最多?",0.05,"基金基本信息表-成立日期, 基金基本信息表-管理人, 基金基本信息表-基金类型, 基金份额持有人结构表-公告日期, 基金股票持仓明细表-报告类型, 基金份额持有人结构表-定期报告所属年度, 基金规模变动表-基金简称, 基金份额持有人结构表-报告类型, 基金份额持有人结构表-个人投资者持有的基金份额占总份额比例, 基金份额持有人结构表-个人投资者持有的基金份额"
231,博时基金管理有限公司2019年成立了多少基金?,0.04,"基金基本信息表-成立日期, 基金份额持有人结构表-公告日期, 基金规模变动表-公告日期, 基金基本信息表-管理人, 基金份额持有人结构表-定期报告所属年度, 基金规模变动表-定期报告所属年度, 基金份额持有人结构表-截止日期, 基金份额持有人结构表-报告类型, 基金份额持有人结构表-个人投资者持有的基金份额占总份额比例, 基金份额持有人结构表-个人投资者持有的基金份额"
232,在2021年10月15日，使用中信行业分类标准，股票代码000828是属于哪个一级行业的?,0.052,"A股公司行业划分表-行业划分标准, A股公司行业划分表-股票代码, A股公司行业划分表-二级行业名称, A股公司行业划分表-一级行业名称, A股公司行业划分表-交易日期, A股票日行情表-股票代码, 基金股票持仓明细表-股票代码, 基金规模变动表-基金代码, 基金份额持有人结构表-报告类型, 基金份额持有人结构表-定期报告所属年度"
233,我想知道华安汇嘉精选混合C在2020年Q4的季报中，该基金的第3大重仓股的代码是什么?,0.052,"基金股票持仓明细表-第N大重仓股, 基金债券持仓明细表-第N大重仓股, 基金可转债持仓明细表-第N大重仓股, 基金股票持仓明细表-股票名称, 基金股票持仓明细表-基金代码, 基金股票持仓明细表-股票代码, 基金股票持仓明细表-基金简称, 基金份额持有人结构表-报告类型, 基金份额持有人结构表-定期报告所属年度, 基金份额持有人结构表-个人投资者持有的基金份额占总份额比例"
234,20210618日，一级行业为基础化工的股票的成交量合计是多少？取整。,0.053,"港股票日行情表-成交量(股), A股票日行情表-成交量(股), A股票日行情表-成交金额(元), 港股票日行情表-成交金额(元), A股公司行业划分表-股票代码, 基金份额持有人结构表-报告类型, 基金份额持有人结构表-定期报告所属年度, 基金份额持有人结构表-个人投资者持有的基金份额占总份额比例, 基金份额持有人结构表-个人投资者持有的基金份额, 基金份额持有人结构表-机构投资者持有的基金份额占总份额比例"
235,请查询在2021年度，688728股票涨停天数？   解释：（收盘价/昨日收盘价-1）》=9.8% 视作涨停,0.054,"A股票日行情表-今开盘(元), A股票日行情表-收盘价(元), A股票日行情表-成交量(股), 港股票日行情表-成交量(股), A股票日行情表-昨收盘(元), A股票日行情表-最高价(元), A股票日行情表-交易日, 港股票日行情表-今开盘(元), 基金份额持有人结构表-报告类型, 基金份额持有人结构表-定期报告所属年度"
236,请帮我查询出20210506日，建筑材料一级行业涨幅超过5%（不包含）的股票数量。,0.049,"A股公司行业划分表-股票代码, A股公司行业划分表-一级行业名称, A股公司行业划分表-二级行业名称, A股票日行情表-股票代码, A股票日行情表-成交量(股), 港股票日行情表-成交量(股), A股公司行业划分表-交易日期, 基金份额持有人结构表-报告类型, 基金份额持有人结构表-定期报告所属年度, 基金份额持有人结构表-个人投资者持有的基金份额占总份额比例"
237,"我想了解易方达稳健收益债券C基金,在2021年二季度的季报第5大重股。该持仓股票当个季度的涨跌幅?请四舍五入保留百分比到小数点两位。",0.07,"基金债券持仓明细表-第N大重仓股, 基金可转债持仓明细表-第N大重仓股, 基金股票持仓明细表-第N大重仓股, 基金股票持仓明细表-基金简称, 基金债券持仓明细表-持债市值占基金资产净值比, 基金债券持仓明细表-基金简称, 基金份额持有人结构表-报告类型, 基金份额持有人结构表-定期报告所属年度, 基金份额持有人结构表-个人投资者持有的基金份额占总份额比例, 基金份额持有人结构表-个人投资者持有的基金份额"
238,我想知道兴全安泰平衡养老目标三年持有期混合(FOF)A基金在20190331的季报中，其可转债持仓占比最大的是哪个行业？用申万一级行业来统计。,0.082,"基金可转债持仓明细表-第N大重仓股, 基金可转债持仓明细表-基金简称, 基金债券持仓明细表-第N大重仓股, 基金可转债持仓明细表-市值, 基金可转债持仓明细表-市值占基金资产净值比, 基金可转债持仓明细表-数量, 基金份额持有人结构表-报告类型, 基金份额持有人结构表-定期报告所属年度, 基金份额持有人结构表-个人投资者持有的基金份额占总份额比例, 基金份额持有人结构表-个人投资者持有的基金份额"
239,我想知道东方红品质优选两年定期开放混合基金，在2021年半年度报告中，前10大重仓股中，有多少只股票在报告期内取得正收益。,0.067,"基金股票持仓明细表-第N大重仓股, 基金可转债持仓明细表-第N大重仓股, 基金债券持仓明细表-第N大重仓股, 基金股票持仓明细表-报告类型, 基金股票持仓明细表-基金简称, 基金份额持有人结构表-报告类型, 基金份额持有人结构表-定期报告所属年度, 基金份额持有人结构表-个人投资者持有的基金份额占总份额比例, 基金份额持有人结构表-个人投资者持有的基金份额, 基金份额持有人结构表-机构投资者持有的基金份额占总份额比例"
240,我想知道在2021年，摩根基金管理(中国)有限公司已发行的基金中，有多少只基金报告期期初基金总份额小于报告期期末基金总份额(使用每只基金当年最晚的定期报告数据计算)？,0.093,"基金规模变动表-报告期期末基金总份额, 基金规模变动表-报告期期初基金总份额, 基金规模变动表-报告期基金总赎回份额, 基金规模变动表-报告期基金总申购份额, 基金份额持有人结构表-报告类型, 基金份额持有人结构表-定期报告所属年度, 基金份额持有人结构表-个人投资者持有的基金份额占总份额比例, 基金份额持有人结构表-个人投资者持有的基金份额, 基金份额持有人结构表-机构投资者持有的基金份额占总份额比例, 基金份额持有人结构表-机构投资者持有的基金份额"
241,请查询在2021年度，600373股票涨停天数？   解释：（收盘价/昨日收盘价-1）》=9.8% 视作涨停,0.052,"A股票日行情表-股票代码, A股票日行情表-成交量(股), A股票日行情表-今开盘(元), 基金股票持仓明细表-股票代码, 港股票日行情表-成交量(股), A股票日行情表-收盘价(元), 港股票日行情表-交易日, A股票日行情表-交易日, 基金份额持有人结构表-报告类型, 基金份额持有人结构表-定期报告所属年度"
242,我想知道在2020年，广发基金管理有限公司已发行的基金中，有多少只基金报告期期初基金总份额小于报告期期末基金总份额(使用每只基金当年最晚的定期报告数据计算)？,0.089,"基金规模变动表-报告期期末基金总份额, 基金规模变动表-报告期期初基金总份额, 基金规模变动表-报告期基金总申购份额, 基金规模变动表-报告期基金总赎回份额, 基金份额持有人结构表-公告日期, 基金份额持有人结构表-报告类型, 基金份额持有人结构表-定期报告所属年度, 基金份额持有人结构表-个人投资者持有的基金份额占总份额比例, 基金份额持有人结构表-个人投资者持有的基金份额, 基金份额持有人结构表-机构投资者持有的基金份额占总份额比例"
243,我想知道股票601086在申万行业分类下的二级行业是什么？用最新的数据。,0.045,"A股公司行业划分表-二级行业名称, A股公司行业划分表-股票代码, A股公司行业划分表-行业划分标准, A股公司行业划分表-一级行业名称, 基金股票持仓明细表-股票代码, A股票日行情表-股票代码, A股公司行业划分表-交易日期, 基金可转债持仓明细表-对应股票代码, 基金份额持有人结构表-报告类型, 基金份额持有人结构表-定期报告所属年度"
244,请帮我查询下，在2019年09月的报告中，报告期基金总申购份额和报告期基金总赎回份额差额最大的一只基金的简称是什么？差额有多少？保留两位小数。,0.086,"基金规模变动表-报告期基金总赎回份额, 基金规模变动表-报告期基金总申购份额, 基金规模变动表-报告期期末基金总份额, 基金规模变动表-报告期期初基金总份额, 基金规模变动表-基金简称, 基金份额持有人结构表-基金简称, 基金股票持仓明细表-基金简称, 基金份额持有人结构表-报告类型, 基金份额持有人结构表-定期报告所属年度, 基金份额持有人结构表-个人投资者持有的基金份额占总份额比例"
245,请帮我计算，在20190114，中信行业分类划分的一级行业为建材行业中，涨跌幅最大股票的股票代码是？涨跌幅是多少？百分数保留两位小数。股票涨跌幅定义为：（收盘价 - 前一日收盘价 / 前一日收盘价）* 100%。,0.103,"A股公司行业划分表-一级行业名称, A股公司行业划分表-股票代码, A股票日行情表-成交量(股), A股公司行业划分表-二级行业名称, A股票日行情表-股票代码, A股票日行情表-最高价(元), 基金份额持有人结构表-报告类型, 基金份额持有人结构表-定期报告所属年度, 基金份额持有人结构表-个人投资者持有的基金份额占总份额比例, 基金份额持有人结构表-个人投资者持有的基金份额"
246,请问在机械设备行业，20190508行业的A股公司有多少?,0.045,"A股公司行业划分表-股票代码, A股公司行业划分表-一级行业名称, A股公司行业划分表-二级行业名称, A股公司行业划分表-行业划分标准, A股公司行业划分表-交易日期, A股票日行情表-成交量(股), 基金份额持有人结构表-报告类型, 基金份额持有人结构表-定期报告所属年度, 基金份额持有人结构表-个人投资者持有的基金份额占总份额比例, 基金份额持有人结构表-个人投资者持有的基金份额"
247,我想知道国寿安保基金管理有限公司在2020年成立了多少只管理费率小于0.8%的基金？,0.05,"基金基本信息表-管理费率, 基金基本信息表-管理人, 基金份额持有人结构表-公告日期, 基金规模变动表-基金简称, 基金基本信息表-托管费率, 基金基本信息表-基金简称, 基金份额持有人结构表-报告类型, 基金份额持有人结构表-定期报告所属年度, 基金份额持有人结构表-个人投资者持有的基金份额占总份额比例, 基金份额持有人结构表-个人投资者持有的基金份额"
248,20200722日，一级行业为化工的股票的成交金额合计是多少？取整。,0.047,"A股票日行情表-成交金额(元), A股票日行情表-成交量(股), 港股票日行情表-成交金额(元), 港股票日行情表-成交量(股), A股公司行业划分表-交易日期, A股票日行情表-交易日, A股票日行情表-今开盘(元), 基金份额持有人结构表-报告类型, 基金份额持有人结构表-定期报告所属年度, 基金份额持有人结构表-个人投资者持有的基金份额占总份额比例"
249,博时基金管理有限公司管理的债券型产品的数量有多少?,0.044,"基金债券持仓明细表-持债数量, 基金债券持仓明细表-债券类型, 基金基本信息表-基金类型, 基金可转债持仓明细表-数量, 基金债券持仓明细表-持债市值占基金资产净值比, 基金债券持仓明细表-第N大重仓股, 基金份额持有人结构表-报告类型, 基金份额持有人结构表-定期报告所属年度, 基金份额持有人结构表-个人投资者持有的基金份额占总份额比例, 基金份额持有人结构表-个人投资者持有的基金份额"
250,请列出工银瑞信基金管理有限公司在2019年成立并且托管人为平安银行股份有限公司的所有基金的基金托管费率的平均数。,0.071,"基金基本信息表-托管费率, 基金基本信息表-管理费率, 基金基本信息表-托管人, 基金基本信息表-成立日期, 基金基本信息表-管理人, 基金份额持有人结构表-报告类型, 基金份额持有人结构表-定期报告所属年度, 基金份额持有人结构表-个人投资者持有的基金份额占总份额比例, 基金份额持有人结构表-个人投资者持有的基金份额, 基金份额持有人结构表-机构投资者持有的基金份额占总份额比例"
251,20211229日，请给出工银瑞信消费行业股票A基金的管理人和累计单位净值。,0.047,"基金日行情表-资产净值, 基金日行情表-累计单位净值, 基金日行情表-单位净值, 基金基本信息表-管理人, 基金日行情表-复权单位净值, 基金股票持仓明细表-市值, 基金份额持有人结构表-报告类型, 基金份额持有人结构表-定期报告所属年度, 基金份额持有人结构表-个人投资者持有的基金份额占总份额比例, 基金份额持有人结构表-个人投资者持有的基金份额"
252,20190318日，开盘价较上一交易日最高价高的股票有多少只？（如上一交易日没有某只股票，则不统计在内）,0.057,"A股票日行情表-最高价(元), A股票日行情表-今开盘(元), A股票日行情表-成交量(股), A股票日行情表-交易日, 港股票日行情表-最高价(元), 港股票日行情表-今开盘(元), 港股票日行情表-交易日, 港股票日行情表-成交量(股), 基金份额持有人结构表-报告类型, 基金份额持有人结构表-定期报告所属年度"
253,"请查询：2021年12月年报(含半年报),持有21昆山农商二级且是前10大重仓股的基金有几个？",0.058,"基金债券持仓明细表-第N大重仓股, 基金股票持仓明细表-报告类型, 基金股票持仓明细表-第N大重仓股, 基金可转债持仓明细表-第N大重仓股, 基金股票持仓明细表-持仓日期, 基金份额持有人结构表-报告类型, 基金份额持有人结构表-定期报告所属年度, 基金份额持有人结构表-个人投资者持有的基金份额占总份额比例, 基金份额持有人结构表-个人投资者持有的基金份额, 基金份额持有人结构表-机构投资者持有的基金份额占总份额比例"
254,"请帮我查询下，在20211117，申万行业分类里一级行业为商业贸易行业的所有股票里, 成交金额(元)TOP5的股票的代码分别是什么？成交金额分别是多少？",0.083,"A股公司行业划分表-股票代码, A股票日行情表-成交量(股), A股公司行业划分表-交易日期, A股票日行情表-成交金额(元), 港股票日行情表-成交金额(元), A股公司行业划分表-一级行业名称, 港股票日行情表-成交量(股), A股票日行情表-股票代码, 基金份额持有人结构表-报告类型, 基金份额持有人结构表-定期报告所属年度"
255,嘉实基金管理有限公司管理的混合型产品的数量有多少?,0.038,"基金基本信息表-管理人, 基金日行情表-资产净值, 基金股票持仓明细表-数量, 基金基本信息表-基金类型, 基金可转债持仓明细表-数量, 基金份额持有人结构表-报告类型, 基金份额持有人结构表-定期报告所属年度, 基金份额持有人结构表-个人投资者持有的基金份额占总份额比例, 基金份额持有人结构表-个人投资者持有的基金份额, 基金份额持有人结构表-机构投资者持有的基金份额占总份额比例"
256,招商基金管理有限公司2019年成立了多少基金?,0.047,"基金基本信息表-成立日期, 基金份额持有人结构表-公告日期, 基金基本信息表-管理人, 基金规模变动表-报告期基金总申购份额, 基金规模变动表-公告日期, 基金份额持有人结构表-定期报告所属年度, 基金份额持有人结构表-截止日期, 基金规模变动表-定期报告所属年度, 基金份额持有人结构表-报告类型, 基金份额持有人结构表-个人投资者持有的基金份额占总份额比例"
257,海富通稳健养老目标一年持有期混合(FOF)A基金在20210331的季报里，前三大持仓占比的债券名称是什么?,0.072,"基金债券持仓明细表-第N大重仓股, 基金可转债持仓明细表-第N大重仓股, 基金债券持仓明细表-债券名称, 基金债券持仓明细表-持债市值占基金资产净值比, 基金基本信息表-基金简称, 基金债券持仓明细表-基金简称, 基金规模变动表-基金简称, 基金份额持有人结构表-报告类型, 基金份额持有人结构表-定期报告所属年度, 基金份额持有人结构表-个人投资者持有的基金份额占总份额比例"
258,请列出汇添富基金管理股份有限公司在2020年成立并且托管人为中国农业银行股份有限公司的所有基金的基金托管费率的平均数。,0.074,"基金基本信息表-托管费率, 基金基本信息表-管理费率, 基金基本信息表-托管人, 基金基本信息表-管理人, 基金基本信息表-成立日期, 基金日行情表-资产净值, 基金份额持有人结构表-报告类型, 基金份额持有人结构表-定期报告所属年度, 基金份额持有人结构表-个人投资者持有的基金份额占总份额比例, 基金份额持有人结构表-个人投资者持有的基金份额"
259,在2020年6月7日，使用中信行业分类标准，股票代码002162是属于哪个一级行业的?,0.054,"A股公司行业划分表-二级行业名称, A股公司行业划分表-行业划分标准, A股公司行业划分表-股票代码, A股公司行业划分表-一级行业名称, A股公司行业划分表-交易日期, 基金股票持仓明细表-股票代码, A股票日行情表-股票代码, 基金可转债持仓明细表-对应股票代码, 基金份额持有人结构表-报告类型, 基金份额持有人结构表-定期报告所属年度"
260,"在20211231的年报(含半年报)中，泰康长江经济带债券A基金的债券持仓,其持有最大仓位的债券类型是什么?",0.069,"基金债券持仓明细表-第N大重仓股, 基金债券持仓明细表-债券类型, 基金可转债持仓明细表-第N大重仓股, 基金股票持仓明细表-报告类型, 基金债券持仓明细表-持仓日期, 基金债券持仓明细表-债券名称, 基金可转债持仓明细表-报告类型, 基金债券持仓明细表-持债市值, 基金份额持有人结构表-报告类型, 基金份额持有人结构表-定期报告所属年度"
261,在2020年报中，方正富邦沪深300ETF基金第一大重仓股的代码和股票名称是什么？,0.046,"基金债券持仓明细表-第N大重仓股, 基金股票持仓明细表-第N大重仓股, 基金可转债持仓明细表-第N大重仓股, 基金可转债持仓明细表-对应股票代码, 基金股票持仓明细表-股票代码, 基金股票持仓明细表-股票名称, 基金份额持有人结构表-报告类型, 基金份额持有人结构表-定期报告所属年度, 基金份额持有人结构表-个人投资者持有的基金份额占总份额比例, 基金份额持有人结构表-个人投资者持有的基金份额"
262,股票002648在20210803日期中的收盘价是多少?（小数点保留3位）,0.052,"A股票日行情表-收盘价(元), A股票日行情表-昨收盘(元), 港股票日行情表-收盘价(元), 港股票日行情表-昨收盘(元), A股票日行情表-今开盘(元), 基金股票持仓明细表-股票代码, A股票日行情表-股票代码, 港股票日行情表-今开盘(元), 基金份额持有人结构表-报告类型, 基金份额持有人结构表-定期报告所属年度"
263,南方基金管理股份有限公司2020年成立了多少基金?,0.041,"基金基本信息表-成立日期, 基金基本信息表-管理人, 基金份额持有人结构表-公告日期, 基金规模变动表-报告期期末基金总份额, 基金份额持有人结构表-基金简称, 基金规模变动表-报告期基金总申购份额, 基金规模变动表-公告日期, 基金份额持有人结构表-报告类型, 基金份额持有人结构表-定期报告所属年度, 基金份额持有人结构表-个人投资者持有的基金份额占总份额比例"
264,"在20211231的年报(含半年报)中，广发资管乾利一年持有期债券A基金的债券持仓,其持有最大仓位的债券类型是什么?",0.069,"基金债券持仓明细表-第N大重仓股, 基金债券持仓明细表-债券类型, 基金债券持仓明细表-持债市值, 基金债券持仓明细表-持债市值占基金资产净值比, 基金可转债持仓明细表-第N大重仓股, 基金债券持仓明细表-持仓日期, 基金可转债持仓明细表-报告类型, 基金债券持仓明细表-持债数量, 基金份额持有人结构表-报告类型, 基金份额持有人结构表-定期报告所属年度"
265,请列出华宝基金管理有限公司在2019年成立并且托管人为中国民生银行股份有限公司的所有基金的基金托管费率的平均数。,0.068,"基金基本信息表-托管费率, 基金基本信息表-管理费率, 基金基本信息表-托管人, 基金基本信息表-管理人, 基金基本信息表-成立日期, 基金日行情表-资产净值, 基金份额持有人结构表-报告类型, 基金份额持有人结构表-定期报告所属年度, 基金份额持有人结构表-个人投资者持有的基金份额占总份额比例, 基金份额持有人结构表-个人投资者持有的基金份额"
266,我想知道股票000060在申万行业分类下的二级行业是什么？用最新的数据。,0.05,"A股公司行业划分表-二级行业名称, A股公司行业划分表-股票代码, A股公司行业划分表-行业划分标准, A股公司行业划分表-一级行业名称, 基金股票持仓明细表-股票代码, 基金债券持仓明细表-第N大重仓股, 基金股票持仓明细表-报告类型, 基金份额持有人结构表-报告类型, 基金份额持有人结构表-定期报告所属年度, 基金份额持有人结构表-个人投资者持有的基金份额占总份额比例"
267,请帮我查询下，在2019年03月的报告中，报告期基金总申购份额和报告期基金总赎回份额差额最大的一只基金的简称是什么？差额有多少？保留两位小数。,0.087,"基金规模变动表-报告期基金总赎回份额, 基金规模变动表-报告期基金总申购份额, 基金规模变动表-报告期期末基金总份额, 基金规模变动表-报告期期初基金总份额, 基金规模变动表-基金简称, 基金份额持有人结构表-基金简称, 基金股票持仓明细表-基金简称, 基金份额持有人结构表-报告类型, 基金份额持有人结构表-定期报告所属年度, 基金份额持有人结构表-个人投资者持有的基金份额占总份额比例"
268,20201116日，一级行业为电气设备的股票的成交金额合计是多少？取整。,0.045,"A股票日行情表-成交金额(元), A股票日行情表-成交量(股), 港股票日行情表-成交金额(元), 港股票日行情表-成交量(股), A股公司行业划分表-交易日期, A股公司行业划分表-股票代码, A股公司行业划分表-一级行业名称, 基金份额持有人结构表-报告类型, 基金份额持有人结构表-定期报告所属年度, 基金份额持有人结构表-个人投资者持有的基金份额占总份额比例"
269,"我想了解一下金鹰基金管理有限公司2019年成立的债券型基金,其管理费率的平均值是多少?请四舍五入保留小数点两位。",0.069,"基金基本信息表-管理费率, 基金基本信息表-管理人, 基金基本信息表-托管费率, 基金基本信息表-基金简称, 基金债券持仓明细表-基金简称, 基金基本信息表-成立日期, 基金份额持有人结构表-报告类型, 基金份额持有人结构表-定期报告所属年度, 基金份额持有人结构表-个人投资者持有的基金份额占总份额比例, 基金份额持有人结构表-个人投资者持有的基金份额"
270,2019年一季度，有多少家基金发生了净赎回?总共赎回了多少份额?记得给我四舍五入到小数点后两位哦。,0.059,"基金规模变动表-报告期基金总赎回份额, 基金规模变动表-报告期基金总申购份额, 基金规模变动表-报告期期末基金总份额, 基金规模变动表-报告期期初基金总份额, 基金份额持有人结构表-报告类型, 基金份额持有人结构表-定期报告所属年度, 基金份额持有人结构表-个人投资者持有的基金份额占总份额比例, 基金份额持有人结构表-个人投资者持有的基金份额, 基金份额持有人结构表-机构投资者持有的基金份额占总份额比例, 基金份额持有人结构表-机构投资者持有的基金份额"
271,请问在基础化工行业，20201215行业的A股公司有多少?,0.042,"A股公司行业划分表-股票代码, A股公司行业划分表-二级行业名称, A股公司行业划分表-行业划分标准, A股公司行业划分表-一级行业名称, 基金股票持仓明细表-股票名称, 基金股票持仓明细表-股票代码, 基金份额持有人结构表-报告类型, 基金份额持有人结构表-定期报告所属年度, 基金份额持有人结构表-个人投资者持有的基金份额占总份额比例, 基金份额持有人结构表-个人投资者持有的基金份额"
272,"假设股票日收益率计算公式为：日收益率 = （当日收盘价-昨收盘价）/昨收盘价。请帮我找到在2019年，中信行业分类行业划分标准,电力及公用事业一级行业中, 代码为多少的股票的日均收益率最高？",0.096,"A股公司行业划分表-股票代码, A股票日行情表-股票代码, A股票日行情表-收盘价(元), A股票日行情表-昨收盘(元), A股公司行业划分表-交易日期, 基金份额持有人结构表-报告类型, 基金份额持有人结构表-定期报告所属年度, 基金份额持有人结构表-个人投资者持有的基金份额占总份额比例, 基金份额持有人结构表-个人投资者持有的基金份额, 基金份额持有人结构表-机构投资者持有的基金份额占总份额比例"
273,"在20210630的年报(含半年报)中，鹏华可转债债券C基金的债券持仓,其持有最大仓位的债券类型是什么?",0.069,"基金可转债持仓明细表-第N大重仓股, 基金可转债持仓明细表-报告类型, 基金可转债持仓明细表-持仓日期, 基金债券持仓明细表-第N大重仓股, 基金可转债持仓明细表-市值, 基金债券持仓明细表-债券类型, 基金债券持仓明细表-持仓日期, 基金可转债持仓明细表-数量, 基金份额持有人结构表-报告类型, 基金份额持有人结构表-定期报告所属年度"
274,"请帮我查询下，在20200617，中信行业分类里一级行业为钢铁行业的所有股票里, 成交金额(元)排名前三的股票的代码分别是什么？成交金额分别是多少？",0.076,"A股公司行业划分表-股票代码, A股票日行情表-成交量(股), A股票日行情表-成交金额(元), A股公司行业划分表-一级行业名称, A股公司行业划分表-二级行业名称, A股公司行业划分表-交易日期, A股票日行情表-股票代码, 港股票日行情表-成交金额(元), 基金份额持有人结构表-报告类型, 基金份额持有人结构表-定期报告所属年度"
275,嘉实基金管理有限公司2020年成立了多少基金?,0.038,"基金基本信息表-成立日期, 基金基本信息表-管理人, 基金规模变动表-报告期基金总申购份额, 基金份额持有人结构表-公告日期, 基金规模变动表-公告日期, 基金规模变动表-报告期期末基金总份额, 基金基本信息表-托管人, 基金份额持有人结构表-报告类型, 基金份额持有人结构表-定期报告所属年度, 基金份额持有人结构表-个人投资者持有的基金份额占总份额比例"
276,20190812日，开盘价较上一交易日最高价高的股票有多少只？（如上一交易日没有某只股票，则不统计在内）,0.068,"A股票日行情表-最高价(元), A股票日行情表-交易日, A股票日行情表-成交量(股), A股票日行情表-今开盘(元), 港股票日行情表-交易日, 港股票日行情表-最高价(元), 港股票日行情表-成交量(股), A股票日行情表-昨收盘(元), 基金份额持有人结构表-报告类型, 基金份额持有人结构表-定期报告所属年度"
277,我想知道在20211231的季报里，鹏扬添利增强债券A投资的股票分别是哪些申万一级行业？,0.054,"A股公司行业划分表-股票代码, A股公司行业划分表-一级行业名称, A股公司行业划分表-二级行业名称, 基金债券持仓明细表-基金简称, 基金债券持仓明细表-第N大重仓股, 基金股票持仓明细表-报告类型, 基金可转债持仓明细表-报告类型, 基金份额持有人结构表-报告类型, 基金份额持有人结构表-定期报告所属年度, 基金份额持有人结构表-个人投资者持有的基金份额占总份额比例"
278,"帮我算一下在20200617,代码为00878的港股日价格振幅是多少，小数点后保留不超过3位。",0.052,"港股票日行情表-今开盘(元), 港股票日行情表-昨收盘(元), 港股票日行情表-收盘价(元), 港股票日行情表-成交量(股), 港股票日行情表-成交金额(元), 港股票日行情表-股票代码, 港股票日行情表-最高价(元), A股票日行情表-今开盘(元), 基金份额持有人结构表-报告类型, 基金份额持有人结构表-定期报告所属年度"
279,大成景乐纯债债券C基金在20210331的季报里，前三大持仓占比的债券名称是什么?,0.05,"基金债券持仓明细表-第N大重仓股, 基金可转债持仓明细表-第N大重仓股, 基金债券持仓明细表-债券名称, 基金债券持仓明细表-持债市值占基金资产净值比, 基金债券持仓明细表-持仓日期, 基金可转债持仓明细表-债券名称, 基金可转债持仓明细表-基金简称, 基金份额持有人结构表-报告类型, 基金份额持有人结构表-定期报告所属年度, 基金份额持有人结构表-个人投资者持有的基金份额占总份额比例"
280,请帮我查询出20210719日，农林牧渔一级行业涨幅超过5%（不包含）的股票数量。,0.049,"A股公司行业划分表-股票代码, A股票日行情表-成交量(股), A股票日行情表-股票代码, A股公司行业划分表-交易日期, A股公司行业划分表-一级行业名称, 基金股票持仓明细表-股票名称, 基金份额持有人结构表-报告类型, 基金份额持有人结构表-定期报告所属年度, 基金份额持有人结构表-个人投资者持有的基金份额占总份额比例, 基金份额持有人结构表-个人投资者持有的基金份额"
281,"请帮我查询下，在20210319，申万行业分类里一级行业为公用事业行业的所有股票里, 成交金额(元)最多的股票的代码是什么？成交金额是多少？",0.081,"A股公司行业划分表-股票代码, A股票日行情表-成交金额(元), A股票日行情表-成交量(股), 港股票日行情表-成交金额(元), A股公司行业划分表-一级行业名称, 港股票日行情表-成交量(股), A股公司行业划分表-交易日期, 基金份额持有人结构表-报告类型, 基金份额持有人结构表-定期报告所属年度, 基金份额持有人结构表-个人投资者持有的基金份额占总份额比例"
282,我想知道光大阳光优选一年持有期混合B基金，在2020年年度报告中，前10大重仓股中，有多少只股票在报告期内取得正收益。,0.071,"基金可转债持仓明细表-第N大重仓股, 基金债券持仓明细表-第N大重仓股, 基金股票持仓明细表-第N大重仓股, 基金股票持仓明细表-持仓日期, 基金股票持仓明细表-基金简称, 基金份额持有人结构表-报告类型, 基金份额持有人结构表-定期报告所属年度, 基金份额持有人结构表-个人投资者持有的基金份额占总份额比例, 基金份额持有人结构表-个人投资者持有的基金份额, 基金份额持有人结构表-机构投资者持有的基金份额占总份额比例"
283,20191231日，请给出西部利得沣泰债券A基金的管理人和单位净值。单位净值保留两位小数。,0.045,"基金日行情表-资产净值, 基金份额持有人结构表-基金简称, 基金日行情表-单位净值, 基金债券持仓明细表-基金简称, 基金债券持仓明细表-持债市值, 基金可转债持仓明细表-基金简称, 基金日行情表-累计单位净值, 基金份额持有人结构表-报告类型, 基金份额持有人结构表-定期报告所属年度, 基金份额持有人结构表-个人投资者持有的基金份额占总份额比例"
284,我想知道融通增祥三个月定期开放债券基金在20210630的年报(含半年报)中，其可转债持仓占比最大的是哪个行业？用中信一级行业来统计。,0.083,"基金可转债持仓明细表-第N大重仓股, 基金债券持仓明细表-第N大重仓股, 基金可转债持仓明细表-市值占基金资产净值比, 基金可转债持仓明细表-市值, 基金可转债持仓明细表-数量, 基金可转债持仓明细表-报告类型, 基金可转债持仓明细表-所在证券市场, 基金份额持有人结构表-报告类型, 基金份额持有人结构表-定期报告所属年度, 基金份额持有人结构表-个人投资者持有的基金份额占总份额比例"
285,20200910港股下跌的股票家数有多少家?,0.04,"港股票日行情表-成交量(股), 港股票日行情表-交易日, 港股票日行情表-股票代码, 港股票日行情表-成交金额(元), 港股票日行情表-今开盘(元), 港股票日行情表-最低价(元), 港股票日行情表-昨收盘(元), 港股票日行情表-收盘价(元), 基金份额持有人结构表-报告类型, 基金份额持有人结构表-定期报告所属年度"
286,"请查询：2020年12月年报(含半年报),持有20国际港务SCP012且是前10大重仓股的基金有几个？",0.059,"基金债券持仓明细表-第N大重仓股, 基金可转债持仓明细表-第N大重仓股, 基金股票持仓明细表-第N大重仓股, 基金股票持仓明细表-持仓日期, 基金股票持仓明细表-报告类型, 基金债券持仓明细表-持仓日期, 基金份额持有人结构表-报告类型, 基金份额持有人结构表-定期报告所属年度, 基金份额持有人结构表-个人投资者持有的基金份额占总份额比例, 基金份额持有人结构表-个人投资者持有的基金份额"
287,"我想了解一下长城基金管理有限公司2020年成立的债券型基金,其管理费率的平均值是多少?请四舍五入保留小数点两位。",0.066,"基金基本信息表-管理费率, 基金基本信息表-托管费率, 基金基本信息表-管理人, 基金基本信息表-基金简称, 基金规模变动表-基金简称, 基金债券持仓明细表-债券类型, 基金份额持有人结构表-报告类型, 基金份额持有人结构表-定期报告所属年度, 基金份额持有人结构表-个人投资者持有的基金份额占总份额比例, 基金份额持有人结构表-个人投资者持有的基金份额"
288,"请帮我查询下，在20190617，申万行业分类里一级行业为建筑材料行业的所有股票里, 成交金额(元)最多的股票的代码是什么？成交金额是多少？",0.075,"A股公司行业划分表-一级行业名称, A股公司行业划分表-股票代码, A股票日行情表-成交金额(元), A股票日行情表-成交量(股), 港股票日行情表-成交金额(元), A股公司行业划分表-二级行业名称, A股公司行业划分表-交易日期, 港股票日行情表-成交量(股), 基金份额持有人结构表-报告类型, 基金份额持有人结构表-定期报告所属年度"
289,请查询：在2021的年度报告中，个人投资者持有基金份额大于机构投资者持有基金份额的基金属于其他型类型的有几个。,0.071,"基金份额持有人结构表-个人投资者持有的基金份额占总份额比例, 基金份额持有人结构表-个人投资者持有的基金份额, 基金份额持有人结构表-机构投资者持有的基金份额占总份额比例, 基金份额持有人结构表-机构投资者持有的基金份额, 基金股票持仓明细表-报告类型, 基金份额持有人结构表-报告类型, 基金基本信息表-基金类型, 基金份额持有人结构表-定期报告所属年度, 基金份额持有人结构表-截止日期, 基金份额持有人结构表-公告日期"
290,我想知道在20210630的季报里，嘉实中证央企创新驱动ETF联接C投资的股票分别是哪些申万一级行业？,0.058,"A股公司行业划分表-股票代码, 基金债券持仓明细表-第N大重仓股, 基金股票持仓明细表-报告类型, 基金股票持仓明细表-股票代码, 基金股票持仓明细表-第N大重仓股, 基金可转债持仓明细表-第N大重仓股, 基金股票持仓明细表-基金简称, 基金份额持有人结构表-报告类型, 基金份额持有人结构表-定期报告所属年度, 基金份额持有人结构表-个人投资者持有的基金份额占总份额比例"
291,我想知道长信双利优选混合A基金，在2021年年度报告中，前10大重仓股中，有多少只股票在报告期内取得正收益。,0.066,"基金可转债持仓明细表-第N大重仓股, 基金股票持仓明细表-第N大重仓股, 基金债券持仓明细表-第N大重仓股, 基金股票持仓明细表-数量, 基金份额持有人结构表-基金简称, 基金份额持有人结构表-报告类型, 基金份额持有人结构表-定期报告所属年度, 基金份额持有人结构表-个人投资者持有的基金份额占总份额比例, 基金份额持有人结构表-个人投资者持有的基金份额, 基金份额持有人结构表-机构投资者持有的基金份额占总份额比例"
292,请查询：在20190121，属于申万二级水泥制造行业的A股股票，它们的平均成交金额是多少？小数点后保留不超过5位。,0.073,"A股票日行情表-成交量(股), A股票日行情表-成交金额(元), 港股票日行情表-成交量(股), 港股票日行情表-成交金额(元), A股公司行业划分表-二级行业名称, A股公司行业划分表-股票代码, A股公司行业划分表-交易日期, 基金份额持有人结构表-报告类型, 基金份额持有人结构表-定期报告所属年度, 基金份额持有人结构表-个人投资者持有的基金份额占总份额比例"
293,请帮我查询在截止2020-12-31的报告期间，基金总份额降低的基金数量是多少？,0.051,"基金规模变动表-报告期期末基金总份额, 基金规模变动表-报告期基金总赎回份额, 基金规模变动表-报告期期初基金总份额, 基金规模变动表-报告期基金总申购份额, 基金份额持有人结构表-公告日期, 基金份额持有人结构表-截止日期, 基金规模变动表-截止日期, 基金份额持有人结构表-报告类型, 基金份额持有人结构表-定期报告所属年度, 基金份额持有人结构表-个人投资者持有的基金份额占总份额比例"
294,帮我查询在2020年12月31日，代码为010058的基金前20大重仓股票中属于中信二级饮料行业的平均市值是多少？小数点后保留不超过3位。,0.075,"基金股票持仓明细表-第N大重仓股, 基金可转债持仓明细表-第N大重仓股, 基金股票持仓明细表-市值, 基金债券持仓明细表-第N大重仓股, 基金股票持仓明细表-股票代码, 基金股票持仓明细表-股票名称, 基金份额持有人结构表-报告类型, 基金份额持有人结构表-定期报告所属年度, 基金份额持有人结构表-个人投资者持有的基金份额占总份额比例, 基金份额持有人结构表-个人投资者持有的基金份额"
295,请查询：在2019的年度报告中，个人投资者持有基金份额大于机构投资者持有基金份额的基金属于混合型类型的有几个。,0.069,"基金份额持有人结构表-个人投资者持有的基金份额, 基金份额持有人结构表-个人投资者持有的基金份额占总份额比例, 基金份额持有人结构表-机构投资者持有的基金份额占总份额比例, 基金份额持有人结构表-机构投资者持有的基金份额, 基金份额持有人结构表-定期报告所属年度, 基金基本信息表-基金类型, 基金份额持有人结构表-报告类型, 基金份额持有人结构表-截止日期, 基金份额持有人结构表-公告日期, 基金份额持有人结构表-基金简称"
296,在2019年的年度报告里，中泰证券(上海)资产管理有限公司管理的基金中，有多少比例的基金是个人投资者持有的份额超过机构投资者？希望得到一个精确到两位小数的百分比。,0.09,"基金份额持有人结构表-个人投资者持有的基金份额占总份额比例, 基金份额持有人结构表-机构投资者持有的基金份额占总份额比例, 基金份额持有人结构表-个人投资者持有的基金份额, 基金份额持有人结构表-机构投资者持有的基金份额, 基金股票持仓明细表-市值占基金资产净值比, 基金份额持有人结构表-报告类型, 基金份额持有人结构表-定期报告所属年度, 基金份额持有人结构表-截止日期, 基金份额持有人结构表-公告日期, 基金份额持有人结构表-基金简称"
297,请问在休闲服务行业，20211031行业的A股公司有多少?,0.042,"A股公司行业划分表-股票代码, A股公司行业划分表-一级行业名称, A股公司行业划分表-行业划分标准, A股公司行业划分表-二级行业名称, A股公司行业划分表-交易日期, A股票日行情表-股票代码, A股票日行情表-成交量(股), 基金份额持有人结构表-报告类型, 基金份额持有人结构表-定期报告所属年度, 基金份额持有人结构表-个人投资者持有的基金份额占总份额比例"
298,请查询：在20200518，属于申万二级景点行业的A股股票，它们的平均成交金额是多少？小数点后保留不超过5位。,0.068,"A股票日行情表-成交金额(元), A股票日行情表-成交量(股), 港股票日行情表-成交金额(元), 港股票日行情表-成交量(股), A股公司行业划分表-股票代码, A股公司行业划分表-二级行业名称, A股公司行业划分表-交易日期, 基金份额持有人结构表-报告类型, 基金份额持有人结构表-定期报告所属年度, 基金份额持有人结构表-个人投资者持有的基金份额占总份额比例"
299,20191226日，请给出民生加银聚益纯债债券基金的管理人和累计单位净值。,0.047,"基金日行情表-资产净值, 基金日行情表-累计单位净值, 基金日行情表-单位净值, 基金债券持仓明细表-基金简称, 基金债券持仓明细表-持债市值, 基金份额持有人结构表-报告类型, 基金份额持有人结构表-定期报告所属年度, 基金份额持有人结构表-个人投资者持有的基金份额占总份额比例, 基金份额持有人结构表-个人投资者持有的基金份额, 基金份额持有人结构表-机构投资者持有的基金份额占总份额比例"
STATS,统计信息,18.642,"最长: 0.309s, 最短: 0.033s, 平均: 0.062s"
